Marka,Ürün,Fiyat,Genel Puan,Ad,Yorum,Tarih,Boy,Kilo,Beden,Satıcı,Puan
CottonSky,Haki Slim Fit Keten Elbise,1428 TL,2.1,F** E**,"Üzülerek söylüyorum, kumaşı çok kalitesiz. Bir daha almam.",10 Şubat 2025,,78 kg,XL,CottonSky Official,2
CottonSky,Haki Slim Fit Keten Elbise,1428 TL,2.1,G** N**,"Hiç beğenmedim, kumaşı çok kalitesiz. Görselle alakası yok.",25 Ekim 2025,,,S,CottonSky Official,1
CottonSky,Haki Slim Fit Keten Elbise,1428 TL,2.1,S** Y**,"Ürün fena değil, fiyatına göre idare eder ama çok beklentiniz olmasın.",24 Mayıs 2025,185 cm,,XS,CottonSky Official,3
CottonSky,Haki Slim Fit Keten Elbise,1428 TL,2.1,K** E**,"Harika bir ürün, kumaşı yumuşacık. Kesinlikle tavsiye ederim.",7 Haziran 2025,159 cm,81 kg,M,CottonSky Official,4
CottonSky,Haki Slim Fit Keten Elbise,1428 TL,2.1,L** E**,"Çok beğendim, rengi görseldekiyle aynı. Hızlı kargo için sağ olun.",26 Haziran 2025,,,XS,CottonSky Official,4
CottonSky,Haki Slim Fit Keten Elbise,1428 TL,2.1,K** E**,"Bayıldım, rengi görseldekiyle aynı. Stok yapacağım.",20 Ekim 2025,175 cm,,M,CottonSky Official,5
CottonSky,Haki Slim Fit Keten Elbise,1428 TL,2.1,E** Z**,"Üzülerek söylüyorum, kumaşı çok kalitesiz. Tavsiye etmiyorum.",1 Ağustos 2025,178 cm,74 kg,L,CottonSky Official,1
CottonSky,Haki Slim Fit Keten Elbise,1428 TL,2.1,V** S**,"Hayal kırıklığı, kalıbı çok dar. Paranıza yazık.",11 Kasım 2025,176 cm,57 kg,XL,CottonSky Official,2
CottonSky,Haki Slim Fit Keten Elbise,1428 TL,2.1,D** T**,"Tam istediğim gibi, kalıbı tam oturdu. Stok yapacağım.",1 Şubat 2025,179 cm,73 kg,M,CottonSky Official,4
CottonSky,Haki Slim Fit Keten Elbise,1428 TL,2.1,A** C**,"Ürün fena değil, fiyatına göre idare eder ama çok beklentiniz olmasın.",6 Ağustos 2025,167 cm,,L,CottonSky Official,3
CottonSky,Haki Slim Fit Keten Elbise,1428 TL,2.1,R** A**,"Beklediğim gibi gelmedi, dikişleri hatalı. Bir daha almam.",29 Eylül 2025,177 cm,87 kg,L,CottonSky Official,1
CottonSky,Haki Slim Fit Keten Elbise,1428 TL,2.1,F** C**,"Çok beğendim, kumaşı yumuşacık. Teşekkürler.",27 Eylül 2025,,53 kg,XL,CottonSky Official,4
CottonSky,Haki Slim Fit Keten Elbise,1428 TL,2.1,A** D**,"Hayal kırıklığı, rengi soluk geldi. Bir daha almam.",11 Aralık 2024,,86 kg,S,CottonSky Official,2
CottonSky,Haki Slim Fit Keten Elbise,1428 TL,2.1,A** Z**,"Hiç beğenmedim, rengi soluk geldi. İade edeceğim.",15 Aralık 2024,,64 kg,XS,CottonSky Official,1
CottonSky,Haki Slim Fit Keten Elbise,1428 TL,2.1,F** C**,"Hayal kırıklığı, dikişleri hatalı. İade edeceğim.",9 Şubat 2025,,,,CottonSky Official,1
CottonSky,Haki Slim Fit Keten Elbise,1428 TL,2.1,Z** N**,"Beklediğim gibi gelmedi, rengi soluk geldi. İade edeceğim.",24 Ağustos 2025,,,XS,CottonSky Official,2
CottonSky,Haki Slim Fit Keten Elbise,1428 TL,2.1,B** C**,"Hiç beğenmedim, dikişleri hatalı. İade edeceğim.",31 Temmuz 2025,,80 kg,M,CottonSky Official,2
CottonSky,Haki Slim Fit Keten Elbise,1428 TL,2.1,K** F**,"Hiç beğenmedim, iç gösteriyor. İade edeceğim.",4 Ocak 2025,176 cm,,L,CottonSky Official,1
CottonSky,Haki Slim Fit Keten Elbise,1428 TL,2.1,B** A**,"Çok beğendim, kalıbı tam oturdu. Hızlı kargo için sağ olun.",6 Mart 2025,,80 kg,L,CottonSky Official,4
CottonSky,Haki Slim Fit Keten Elbise,1428 TL,2.1,D** B**,"Hayal kırıklığı, rengi soluk geldi. İade edeceğim.",16 Haziran 2025,,,,CottonSky Official,2
CottonSky,Haki Slim Fit Keten Elbise,1428 TL,2.1,L** P**,"Beklediğim gibi gelmedi, kumaşı çok kalitesiz. Görselle alakası yok.",21 Ocak 2025,168 cm,88 kg,S,CottonSky Official,1
CottonSky,Haki Slim Fit Keten Elbise,1428 TL,2.1,P** Z**,"Mükemmel, duruşu çok asil. Kesinlikle tavsiye ederim.",27 Mart 2025,177 cm,,L,CottonSky Official,5
CottonSky,Haki Slim Fit Keten Elbise,1428 TL,2.1,K** F**,"Ürün fena değil, fiyatına göre idare eder ama çok beklentiniz olmasın.",28 Mayıs 2025,157 cm,,L,CottonSky Official,3
CottonSky,Haki Slim Fit Keten Elbise,1428 TL,2.1,K** A**,"Maalesef iade, rengi soluk geldi. Görselle alakası yok.",23 Haziran 2025,,,XL,CottonSky Official,2
CottonSky,Haki Slim Fit Keten Elbise,1428 TL,2.1,K** F**,"Üzülerek söylüyorum, kalıbı çok dar. Tavsiye etmiyorum.",30 Ekim 2025,185 cm,,S,CottonSky Official,1
CottonSky,Haki Slim Fit Keten Elbise,1428 TL,2.1,C** L**,"Maalesef iade, iç gösteriyor. Paranıza yazık.",27 Haziran 2025,175 cm,,L,CottonSky Official,2
CottonSky,Haki Slim Fit Keten Elbise,1428 TL,2.1,A** K**,"Hiç beğenmedim, dikişleri hatalı. İade edeceğim.",14 Kasım 2025,161 cm,,XL,CottonSky Official,1
CottonSky,Haki Slim Fit Keten Elbise,1428 TL,2.1,K** V**,"Hayal kırıklığı, kalıbı çok dar. Paranıza yazık.",16 Mayıs 2025,,,M,CottonSky Official,1
CottonSky,Haki Slim Fit Keten Elbise,1428 TL,2.1,P** L**,"Hayal kırıklığı, kumaşı çok kalitesiz. Görselle alakası yok.",17 Aralık 2024,,79 kg,XS,CottonSky Official,2
CottonSky,Haki Slim Fit Keten Elbise,1428 TL,2.1,S** F**,"Üzülerek söylüyorum, kumaşı çok kalitesiz. Paranıza yazık.",20 Ağustos 2025,,87 kg,S,CottonSky Official,2
UrbanFlow,Haki Oversize Keten Tişört,773 TL,3.8,Z** F**,"Tam istediğim gibi, fiyatına göre çok kaliteli. Kesinlikle tavsiye ederim.",27 Temmuz 2025,,69 kg,M,UrbanFlow Official,4
UrbanFlow,Haki Oversize Keten Tişört,773 TL,3.8,Y** C**,"Harika bir ürün, kalıbı tam oturdu. Stok yapacağım.",17 Haziran 2025,,69 kg,,UrbanFlow Official,5
UrbanFlow,Haki Oversize Keten Tişört,773 TL,3.8,P** P**,"Tam istediğim gibi, kumaşı yumuşacık. Kaçırmayın derim.",15 Temmuz 2025,173 cm,,,UrbanFlow Official,5
UrbanFlow,Haki Oversize Keten Tişört,773 TL,3.8,A** M**,"Tam istediğim gibi, fiyatına göre çok kaliteli. Kaçırmayın derim.",31 Mart 2025,165 cm,,,UrbanFlow Official,4
UrbanFlow,Haki Oversize Keten Tişört,773 TL,3.8,M** V**,"Ürün fena değil, fiyatına göre idare eder ama çok beklentiniz olmasın.",10 Şubat 2025,185 cm,57 kg,XL,UrbanFlow Official,3
UrbanFlow,Haki Oversize Keten Tişört,773 TL,3.8,Z** K**,"Harika bir ürün, rengi görseldekiyle aynı. Teşekkürler.",29 Aralık 2024,,,XL,UrbanFlow Official,4
UrbanFlow,Haki Oversize Keten Tişört,773 TL,3.8,A** G**,"Harika bir ürün, fiyatına göre çok kaliteli. Kesinlikle tavsiye ederim.",16 Mart 2025,,,XL,UrbanFlow Official,4
UrbanFlow,Haki Oversize Keten Tişört,773 TL,3.8,C** F**,"Ürün fena değil, fiyatına göre idare eder ama çok beklentiniz olmasın.",21 Ocak 2025,,,XL,UrbanFlow Official,3
UrbanFlow,Haki Oversize Keten Tişört,773 TL,3.8,R** G**,"Çok beğendim, kumaşı yumuşacık. Kesinlikle tavsiye ederim.",12 Mayıs 2025,172 cm,,S,UrbanFlow Official,4
UrbanFlow,Haki Oversize Keten Tişört,773 TL,3.8,F** R**,"Beklediğim gibi gelmedi, dikişleri hatalı. Paranıza yazık.",10 Mart 2025,,80 kg,M,UrbanFlow Official,2
UrbanFlow,Haki Oversize Keten Tişört,773 TL,3.8,M** F**,"Harika bir ürün, rengi görseldekiyle aynı. Teşekkürler.",26 Mart 2025,,74 kg,XL,UrbanFlow Official,5
UrbanFlow,Haki Oversize Keten Tişört,773 TL,3.8,D** L**,"Maalesef iade, kumaşı çok kalitesiz. Paranıza yazık.",24 Aralık 2024,,,XS,UrbanFlow Official,1
UrbanFlow,Haki Oversize Keten Tişört,773 TL,3.8,R** D**,"Bayıldım, rengi görseldekiyle aynı. Hızlı kargo için sağ olun.",27 Temmuz 2025,,63 kg,S,UrbanFlow Official,4
UrbanFlow,Haki Oversize Keten Tişört,773 TL,3.8,T** T**,"Ürün fena değil, fiyatına göre idare eder ama çok beklentiniz olmasın.",20 Ekim 2025,,,L,UrbanFlow Official,3
UrbanFlow,Haki Oversize Keten Tişört,773 TL,3.8,D** R**,"Bayıldım, kalıbı tam oturdu. Teşekkürler.",18 Mart 2025,184 cm,86 kg,S,UrbanFlow Official,5
UrbanFlow,Haki Oversize Keten Tişört,773 TL,3.8,K** C**,"Tam istediğim gibi, fiyatına göre çok kaliteli. Kesinlikle tavsiye ederim.",7 Aralık 2024,180 cm,,S,UrbanFlow Official,5
UrbanFlow,Haki Oversize Keten Tişört,773 TL,3.8,R** K**,"Mükemmel, kalıbı tam oturdu. Teşekkürler.",1 Temmuz 2025,176 cm,,L,UrbanFlow Official,5
UrbanFlow,Haki Oversize Keten Tişört,773 TL,3.8,V** L**,"Ürün fena değil, fiyatına göre idare eder ama çok beklentiniz olmasın.",28 Nisan 2025,173 cm,,XL,UrbanFlow Official,3
UrbanFlow,Haki Oversize Keten Tişört,773 TL,3.8,Z** V**,"Bayıldım, duruşu çok asil. Kesinlikle tavsiye ederim.",11 Ekim 2025,168 cm,52 kg,S,UrbanFlow Official,4
UrbanFlow,Haki Oversize Keten Tişört,773 TL,3.8,F** R**,"Hiç beğenmedim, kalıbı çok dar. İade edeceğim.",8 Şubat 2025,,,XS,UrbanFlow Official,1
UrbanFlow,Haki Oversize Keten Tişört,773 TL,3.8,S** E**,"Ürün fena değil, fiyatına göre idare eder ama çok beklentiniz olmasın.",10 Ekim 2025,175 cm,63 kg,XL,UrbanFlow Official,3
PureLine,Krem Dökümlü Pamuklu Etek,369 TL,4.5,B** S**,"Ürün fena değil, fiyatına göre idare eder ama çok beklentiniz olmasın.",3 Mart 2025,174 cm,,XL,PureLine Official,3
PureLine,Krem Dökümlü Pamuklu Etek,369 TL,4.5,P** V**,"Çok beğendim, kumaşı yumuşacık. Hızlı kargo için sağ olun.",8 Nisan 2025,,,,PureLine Official,5
PureLine,Krem Dökümlü Pamuklu Etek,369 TL,4.5,V** D**,"Bayıldım, fiyatına göre çok kaliteli. Kesinlikle tavsiye ederim.",1 Ağustos 2025,166 cm,86 kg,L,PureLine Official,5
PureLine,Krem Dökümlü Pamuklu Etek,369 TL,4.5,S** E**,"Hiç beğenmedim, iç gösteriyor. İade edeceğim.",8 Şubat 2025,,79 kg,,PureLine Official,1
PureLine,Krem Dökümlü Pamuklu Etek,369 TL,4.5,K** E**,"Mükemmel, fiyatına göre çok kaliteli. Teşekkürler.",7 Kasım 2025,158 cm,,S,PureLine Official,5
PureLine,Krem Dökümlü Pamuklu Etek,369 TL,4.5,L** M**,"Çok beğendim, duruşu çok asil. Teşekkürler.",2 Haziran 2025,167 cm,,XS,PureLine Official,4
PureLine,Krem Dökümlü Pamuklu Etek,369 TL,4.5,V** P**,"Mükemmel, kalıbı tam oturdu. Kesinlikle tavsiye ederim.",7 Şubat 2025,182 cm,,XL,PureLine Official,4
PureLine,Krem Dökümlü Pamuklu Etek,369 TL,4.5,B** D**,"Beklediğim gibi gelmedi, dikişleri hatalı. Tavsiye etmiyorum.",9 Nisan 2025,,,S,PureLine Official,2
PureLine,Krem Dökümlü Pamuklu Etek,369 TL,4.5,P** S**,"Harika bir ürün, fiyatına göre çok kaliteli. Kaçırmayın derim.",18 Mayıs 2025,170 cm,57 kg,S,PureLine Official,4
PureLine,Krem Dökümlü Pamuklu Etek,369 TL,4.5,T** Y**,"Mükemmel, duruşu çok asil. Kesinlikle tavsiye ederim.",1 Aralık 2025,,,S,PureLine Official,5
PureLine,Krem Dökümlü Pamuklu Etek,369 TL,4.5,B** F**,"Çok beğendim, kalıbı tam oturdu. Stok yapacağım.",8 Haziran 2025,157 cm,55 kg,L,PureLine Official,4
PureLine,Krem Dökümlü Pamuklu Etek,369 TL,4.5,Y** S**,"Harika bir ürün, rengi görseldekiyle aynı. Hızlı kargo için sağ olun.",19 Eylül 2025,162 cm,93 kg,L,PureLine Official,5
PureLine,Krem Dökümlü Pamuklu Etek,369 TL,4.5,R** F**,"Ürün fena değil, fiyatına göre idare eder ama çok beklentiniz olmasın.",13 Nisan 2025,,,M,PureLine Official,3
PureLine,Krem Dökümlü Pamuklu Etek,369 TL,4.5,Z** F**,"Tam istediğim gibi, kalıbı tam oturdu. Kesinlikle tavsiye ederim.",1 Mart 2025,,,S,PureLine Official,5
PureLine,Krem Dökümlü Pamuklu Etek,369 TL,4.5,E** L**,"Çok beğendim, rengi görseldekiyle aynı. Stok yapacağım.",15 Eylül 2025,,51 kg,,PureLine Official,4
LuminaModa,Krem Dökümlü Kadife Kazak,403 TL,2.1,C** T**,"Üzülerek söylüyorum, iç gösteriyor. Paranıza yazık.",29 Kasım 2025,157 cm,81 kg,,LuminaModa Official,1
LuminaModa,Krem Dökümlü Kadife Kazak,403 TL,2.1,E** V**,"Ürün fena değil, fiyatına göre idare eder ama çok beklentiniz olmasın.",26 Haziran 2025,163 cm,91 kg,M,LuminaModa Official,3
LuminaModa,Krem Dökümlü Kadife Kazak,403 TL,2.1,N** P**,"Ürün fena değil, fiyatına göre idare eder ama çok beklentiniz olmasın.",18 Haziran 2025,163 cm,58 kg,XS,LuminaModa Official,3
LuminaModa,Krem Dökümlü Kadife Kazak,403 TL,2.1,M** G**,"Üzülerek söylüyorum, kumaşı çok kalitesiz. Tavsiye etmiyorum.",22 Temmuz 2025,,,M,LuminaModa Official,1
LuminaModa,Krem Dökümlü Kadife Kazak,403 TL,2.1,L** M**,"Beklediğim gibi gelmedi, iç gösteriyor. İade edeceğim.",18 Eylül 2025,,,S,LuminaModa Official,1
LuminaModa,Krem Dökümlü Kadife Kazak,403 TL,2.1,Y** B**,"Maalesef iade, iç gösteriyor. Görselle alakası yok.",1 Eylül 2025,,72 kg,XL,LuminaModa Official,2
LuminaModa,Krem Dökümlü Kadife Kazak,403 TL,2.1,Y** Y**,"Ürün fena değil, fiyatına göre idare eder ama çok beklentiniz olmasın.",9 Kasım 2025,,65 kg,M,LuminaModa Official,3
LuminaModa,Krem Dökümlü Kadife Kazak,403 TL,2.1,F** R**,"Hiç beğenmedim, kumaşı çok kalitesiz. İade edeceğim.",11 Aralık 2024,180 cm,50 kg,XL,LuminaModa Official,2
LuminaModa,Krem Dökümlü Kadife Kazak,403 TL,2.1,K** L**,"Maalesef iade, rengi soluk geldi. Tavsiye etmiyorum.",11 Ocak 2025,156 cm,,XL,LuminaModa Official,1
LuminaModa,Krem Dökümlü Kadife Kazak,403 TL,2.1,C** M**,"Hiç beğenmedim, rengi soluk geldi. Tavsiye etmiyorum.",3 Mayıs 2025,,57 kg,XS,LuminaModa Official,2
LuminaModa,Krem Dökümlü Kadife Kazak,403 TL,2.1,Y** R**,"Ürün fena değil, fiyatına göre idare eder ama çok beklentiniz olmasın.",7 Ekim 2025,172 cm,,XL,LuminaModa Official,3
LuminaModa,Krem Dökümlü Kadife Kazak,403 TL,2.1,D** B**,"Tam istediğim gibi, fiyatına göre çok kaliteli. Stok yapacağım.",10 Nisan 2025,185 cm,94 kg,L,LuminaModa Official,5
LuminaModa,Krem Dökümlü Kadife Kazak,403 TL,2.1,K** N**,"Üzülerek söylüyorum, rengi soluk geldi. Görselle alakası yok.",19 Aralık 2024,161 cm,71 kg,,LuminaModa Official,1
LuminaModa,Krem Dökümlü Kadife Kazak,403 TL,2.1,Y** M**,"Hayal kırıklığı, kumaşı çok kalitesiz. Görselle alakası yok.",20 Mayıs 2025,158 cm,75 kg,XL,LuminaModa Official,2
LuminaModa,Krem Dökümlü Kadife Kazak,403 TL,2.1,R** D**,"Üzülerek söylüyorum, iç gösteriyor. Bir daha almam.",3 Haziran 2025,,,XS,LuminaModa Official,2
LuminaModa,Krem Dökümlü Kadife Kazak,403 TL,2.1,G** G**,"Maalesef iade, kumaşı çok kalitesiz. Görselle alakası yok.",6 Mayıs 2025,160 cm,,M,LuminaModa Official,1
LuminaModa,Krem Dökümlü Kadife Kazak,403 TL,2.1,L** K**,"Üzülerek söylüyorum, rengi soluk geldi. Bir daha almam.",8 Ekim 2025,160 cm,72 kg,,LuminaModa Official,1
LuminaModa,Krem Dökümlü Kadife Kazak,403 TL,2.1,D** L**,"Üzülerek söylüyorum, iç gösteriyor. Görselle alakası yok.",8 Aralık 2024,176 cm,84 kg,,LuminaModa Official,1
LuminaModa,Krem Dökümlü Kadife Kazak,403 TL,2.1,K** E**,"Üzülerek söylüyorum, dikişleri hatalı. Görselle alakası yok.",14 Ekim 2025,159 cm,75 kg,,LuminaModa Official,2
LuminaModa,Krem Dökümlü Kadife Kazak,403 TL,2.1,B** D**,"Ürün fena değil, fiyatına göre idare eder ama çok beklentiniz olmasın.",17 Ocak 2025,171 cm,,S,LuminaModa Official,3
LuminaModa,Krem Dökümlü Kadife Kazak,403 TL,2.1,D** F**,"Maalesef iade, dikişleri hatalı. İade edeceğim.",10 Aralık 2024,177 cm,66 kg,,LuminaModa Official,2
LuminaModa,Krem Dökümlü Kadife Kazak,403 TL,2.1,P** V**,"Maalesef iade, kumaşı çok kalitesiz. İade edeceğim.",12 Aralık 2024,175 cm,,M,LuminaModa Official,1
LuminaModa,Krem Dökümlü Kadife Kazak,403 TL,2.1,K** D**,"Hiç beğenmedim, dikişleri hatalı. Paranıza yazık.",21 Ekim 2025,163 cm,53 kg,,LuminaModa Official,1
ZenWear,Krem Oversize Jean Elbise,465 TL,2.1,E** T**,"Üzülerek söylüyorum, rengi soluk geldi. Görselle alakası yok.",19 Ağustos 2025,158 cm,63 kg,L,ZenWear Official,2
ZenWear,Krem Oversize Jean Elbise,465 TL,2.1,Y** V**,"Hiç beğenmedim, dikişleri hatalı. Görselle alakası yok.",17 Mayıs 2025,,60 kg,M,ZenWear Official,1
ZenWear,Krem Oversize Jean Elbise,465 TL,2.1,F** N**,"Ürün fena değil, fiyatına göre idare eder ama çok beklentiniz olmasın.",19 Şubat 2025,184 cm,48 kg,,ZenWear Official,3
ZenWear,Krem Oversize Jean Elbise,465 TL,2.1,M** F**,"Üzülerek söylüyorum, dikişleri hatalı. İade edeceğim.",28 Ağustos 2025,176 cm,70 kg,L,ZenWear Official,1
ZenWear,Krem Oversize Jean Elbise,465 TL,2.1,D** L**,"Hiç beğenmedim, iç gösteriyor. Bir daha almam.",25 Mayıs 2025,184 cm,86 kg,S,ZenWear Official,1
ZenWear,Krem Oversize Jean Elbise,465 TL,2.1,A** C**,"Mükemmel, kumaşı yumuşacık. Hızlı kargo için sağ olun.",9 Temmuz 2025,178 cm,,,ZenWear Official,4
ZenWear,Krem Oversize Jean Elbise,465 TL,2.1,M** N**,"Hiç beğenmedim, kalıbı çok dar. Görselle alakası yok.",4 Aralık 2024,157 cm,51 kg,M,ZenWear Official,1
ZenWear,Krem Oversize Jean Elbise,465 TL,2.1,K** R**,"Üzülerek söylüyorum, iç gösteriyor. Görselle alakası yok.",2 Temmuz 2025,158 cm,,,ZenWear Official,2
ZenWear,Krem Oversize Jean Elbise,465 TL,2.1,B** M**,"Beklediğim gibi gelmedi, iç gösteriyor. Tavsiye etmiyorum.",8 Temmuz 2025,,,L,ZenWear Official,1
ZenWear,Krem Oversize Jean Elbise,465 TL,2.1,L** F**,"Maalesef iade, dikişleri hatalı. Bir daha almam.",20 Eylül 2025,,,M,ZenWear Official,1
ZenWear,Krem Oversize Jean Elbise,465 TL,2.1,P** L**,"Hiç beğenmedim, kumaşı çok kalitesiz. Görselle alakası yok.",20 Mart 2025,,72 kg,M,ZenWear Official,1
ZenWear,Krem Oversize Jean Elbise,465 TL,2.1,L** K**,"Ürün fena değil, fiyatına göre idare eder ama çok beklentiniz olmasın.",19 Şubat 2025,,75 kg,,ZenWear Official,3
ZenWear,Krem Oversize Jean Elbise,465 TL,2.1,Z** N**,"Maalesef iade, dikişleri hatalı. Görselle alakası yok.",27 Nisan 2025,,,,ZenWear Official,2
ZenWear,Krem Oversize Jean Elbise,465 TL,2.1,T** A**,"Hayal kırıklığı, kalıbı çok dar. Tavsiye etmiyorum.",10 Mayıs 2025,168 cm,81 kg,XS,ZenWear Official,2
ZenWear,Krem Oversize Jean Elbise,465 TL,2.1,E** B**,"Mükemmel, kalıbı tam oturdu. Stok yapacağım.",27 Eylül 2025,,88 kg,M,ZenWear Official,4
ZenWear,Krem Oversize Jean Elbise,465 TL,2.1,S** M**,"Hayal kırıklığı, iç gösteriyor. Paranıza yazık.",16 Eylül 2025,173 cm,,M,ZenWear Official,2
ZenWear,Krem Oversize Jean Elbise,465 TL,2.1,F** S**,"Beklediğim gibi gelmedi, iç gösteriyor. Tavsiye etmiyorum.",5 Temmuz 2025,182 cm,76 kg,M,ZenWear Official,2
ZenWear,Krem Oversize Jean Elbise,465 TL,2.1,Z** Z**,"Maalesef iade, rengi soluk geldi. İade edeceğim.",28 Mart 2025,180 cm,86 kg,,ZenWear Official,2
ZenWear,Krem Oversize Jean Elbise,465 TL,2.1,Z** Z**,"Beklediğim gibi gelmedi, dikişleri hatalı. İade edeceğim.",11 Temmuz 2025,184 cm,52 kg,S,ZenWear Official,2
ZenWear,Krem Oversize Jean Elbise,465 TL,2.1,P** V**,"Harika bir ürün, duruşu çok asil. Kesinlikle tavsiye ederim.",15 Haziran 2025,171 cm,,S,ZenWear Official,4
ZenWear,Krem Oversize Jean Elbise,465 TL,2.1,T** F**,"Hiç beğenmedim, rengi soluk geldi. Tavsiye etmiyorum.",20 Mart 2025,,,M,ZenWear Official,1
ZenWear,Krem Oversize Jean Elbise,465 TL,2.1,B** B**,"Ürün fena değil, fiyatına göre idare eder ama çok beklentiniz olmasın.",19 Mayıs 2025,183 cm,66 kg,XS,ZenWear Official,3
ZenWear,Krem Oversize Jean Elbise,465 TL,2.1,D** C**,"Mükemmel, rengi görseldekiyle aynı. Kesinlikle tavsiye ederim.",19 Ağustos 2025,172 cm,84 kg,XL,ZenWear Official,4
ZenWear,Bej Pileli Keten Bluz,1083 TL,3.8,K** N**,"Ürün fena değil, fiyatına göre idare eder ama çok beklentiniz olmasın.",17 Eylül 2025,160 cm,75 kg,,ZenWear Official,3
ZenWear,Bej Pileli Keten Bluz,1083 TL,3.8,P** B**,"Bayıldım, kalıbı tam oturdu. Kaçırmayın derim.",9 Haziran 2025,184 cm,,XS,ZenWear Official,5
ZenWear,Bej Pileli Keten Bluz,1083 TL,3.8,N** G**,"Ürün fena değil, fiyatına göre idare eder ama çok beklentiniz olmasın.",12 Ekim 2025,159 cm,65 kg,S,ZenWear Official,3
ZenWear,Bej Pileli Keten Bluz,1083 TL,3.8,M** P**,"Ürün fena değil, fiyatına göre idare eder ama çok beklentiniz olmasın.",17 Şubat 2025,169 cm,55 kg,XL,ZenWear Official,3
ZenWear,Bej Pileli Keten Bluz,1083 TL,3.8,P** E**,"Bayıldım, fiyatına göre çok kaliteli. Teşekkürler.",5 Ağustos 2025,185 cm,91 kg,XL,ZenWear Official,5
ZenWear,Bej Pileli Keten Bluz,1083 TL,3.8,V** F**,"Ürün fena değil, fiyatına göre idare eder ama çok beklentiniz olmasın.",20 Mart 2025,,63 kg,S,ZenWear Official,3
ZenWear,Bej Pileli Keten Bluz,1083 TL,3.8,V** E**,"Beklediğim gibi gelmedi, iç gösteriyor. Paranıza yazık.",29 Haziran 2025,184 cm,,XS,ZenWear Official,2
ZenWear,Bej Pileli Keten Bluz,1083 TL,3.8,M** B**,"Mükemmel, kumaşı yumuşacık. Kesinlikle tavsiye ederim.",16 Ocak 2025,160 cm,,XS,ZenWear Official,4
ZenWear,Bej Pileli Keten Bluz,1083 TL,3.8,F** Z**,"Ürün fena değil, fiyatına göre idare eder ama çok beklentiniz olmasın.",5 Şubat 2025,,,,ZenWear Official,3
ZenWear,Bej Pileli Keten Bluz,1083 TL,3.8,B** F**,"Harika bir ürün, rengi görseldekiyle aynı. Kesinlikle tavsiye ederim.",13 Nisan 2025,,54 kg,,ZenWear Official,4
ZenWear,Bej Pileli Keten Bluz,1083 TL,3.8,V** F**,"Bayıldım, rengi görseldekiyle aynı. Hızlı kargo için sağ olun.",31 Ocak 2025,184 cm,,M,ZenWear Official,5
ZenWear,Bej Pileli Keten Bluz,1083 TL,3.8,B** P**,"Üzülerek söylüyorum, kalıbı çok dar. Paranıza yazık.",19 Ağustos 2025,,,,ZenWear Official,1
ZenWear,Bej Pileli Keten Bluz,1083 TL,3.8,Y** A**,"Üzülerek söylüyorum, rengi soluk geldi. Paranıza yazık.",28 Eylül 2025,,,S,ZenWear Official,1
ZenWear,Bej Pileli Keten Bluz,1083 TL,3.8,D** M**,"Bayıldım, rengi görseldekiyle aynı. Stok yapacağım.",3 Nisan 2025,165 cm,58 kg,,ZenWear Official,4
ZenWear,Bej Pileli Keten Bluz,1083 TL,3.8,A** P**,"Beklediğim gibi gelmedi, rengi soluk geldi. İade edeceğim.",3 Ağustos 2025,159 cm,51 kg,,ZenWear Official,2
ZenWear,Bej Pileli Keten Bluz,1083 TL,3.8,T** D**,"Mükemmel, fiyatına göre çok kaliteli. Kesinlikle tavsiye ederim.",14 Haziran 2025,159 cm,71 kg,L,ZenWear Official,5
ZenWear,Bej Pileli Keten Bluz,1083 TL,3.8,N** T**,"Tam istediğim gibi, rengi görseldekiyle aynı. Teşekkürler.",11 Ocak 2025,,57 kg,XL,ZenWear Official,4
ZenWear,Bej Pileli Keten Bluz,1083 TL,3.8,S** K**,"Çok beğendim, duruşu çok asil. Kesinlikle tavsiye ederim.",20 Aralık 2024,,67 kg,XL,ZenWear Official,5
ZenWear,Bej Pileli Keten Bluz,1083 TL,3.8,Y** G**,"Tam istediğim gibi, kumaşı yumuşacık. Teşekkürler.",11 Temmuz 2025,169 cm,69 kg,XL,ZenWear Official,4
ZenWear,Bej Pileli Keten Bluz,1083 TL,3.8,P** Y**,"Çok beğendim, fiyatına göre çok kaliteli. Teşekkürler.",28 Ağustos 2025,177 cm,,,ZenWear Official,5
ZenWear,Bej Pileli Keten Bluz,1083 TL,3.8,R** E**,"Ürün fena değil, fiyatına göre idare eder ama çok beklentiniz olmasın.",6 Aralık 2024,160 cm,,M,ZenWear Official,3
ZenWear,Bej Pileli Keten Bluz,1083 TL,3.8,S** S**,"Ürün fena değil, fiyatına göre idare eder ama çok beklentiniz olmasın.",14 Mart 2025,,61 kg,M,ZenWear Official,3
ZenWear,Bej Pileli Keten Bluz,1083 TL,3.8,D** K**,"Harika bir ürün, duruşu çok asil. Kaçırmayın derim.",12 Şubat 2025,183 cm,,M,ZenWear Official,4
ZenWear,Bej Pileli Keten Bluz,1083 TL,3.8,N** G**,"Tam istediğim gibi, rengi görseldekiyle aynı. Stok yapacağım.",27 Temmuz 2025,,73 kg,M,ZenWear Official,5
ZenWear,Bej Pileli Keten Bluz,1083 TL,3.8,T** K**,"Harika bir ürün, rengi görseldekiyle aynı. Kaçırmayın derim.",5 Kasım 2025,163 cm,77 kg,S,ZenWear Official,4
ZenWear,Bej Pileli Keten Bluz,1083 TL,3.8,P** G**,"Çok beğendim, rengi görseldekiyle aynı. Kaçırmayın derim.",5 Kasım 2025,,,XS,ZenWear Official,4
ZenWear,Bej Pileli Keten Bluz,1083 TL,3.8,S** T**,"Ürün fena değil, fiyatına göre idare eder ama çok beklentiniz olmasın.",12 Şubat 2025,180 cm,,XL,ZenWear Official,3
NovaStyle,Beyaz Oversize Şifon Tişört,482 TL,4.5,A** C**,"Çok beğendim, kalıbı tam oturdu. Teşekkürler.",3 Kasım 2025,,,M,NovaStyle Official,4
NovaStyle,Beyaz Oversize Şifon Tişört,482 TL,4.5,Z** K**,"Mükemmel, duruşu çok asil. Kaçırmayın derim.",1 Temmuz 2025,,,XS,NovaStyle Official,5
NovaStyle,Beyaz Oversize Şifon Tişört,482 TL,4.5,T** K**,"Tam istediğim gibi, kalıbı tam oturdu. Kesinlikle tavsiye ederim.",29 Nisan 2025,180 cm,64 kg,,NovaStyle Official,5
NovaStyle,Beyaz Oversize Şifon Tişört,482 TL,4.5,V** F**,"Ürün fena değil, fiyatına göre idare eder ama çok beklentiniz olmasın.",5 Nisan 2025,171 cm,79 kg,XS,NovaStyle Official,3
NovaStyle,Beyaz Oversize Şifon Tişört,482 TL,4.5,F** R**,"Hiç beğenmedim, rengi soluk geldi. Paranıza yazık.",16 Mart 2025,183 cm,,L,NovaStyle Official,2
NovaStyle,Beyaz Oversize Şifon Tişört,482 TL,4.5,Y** S**,"Harika bir ürün, duruşu çok asil. Hızlı kargo için sağ olun.",29 Kasım 2025,184 cm,80 kg,S,NovaStyle Official,5
NovaStyle,Beyaz Oversize Şifon Tişört,482 TL,4.5,L** M**,"Bayıldım, kumaşı yumuşacık. Stok yapacağım.",7 Nisan 2025,,77 kg,M,NovaStyle Official,5
NovaStyle,Beyaz Oversize Şifon Tişört,482 TL,4.5,D** L**,"Tam istediğim gibi, kalıbı tam oturdu. Stok yapacağım.",3 Haziran 2025,,91 kg,M,NovaStyle Official,5
NovaStyle,Beyaz Oversize Şifon Tişört,482 TL,4.5,G** T**,"Mükemmel, duruşu çok asil. Hızlı kargo için sağ olun.",2 Ağustos 2025,163 cm,,,NovaStyle Official,4
NovaStyle,Beyaz Oversize Şifon Tişört,482 TL,4.5,F** E**,"Mükemmel, duruşu çok asil. Hızlı kargo için sağ olun.",20 Şubat 2025,,,L,NovaStyle Official,5
NovaStyle,Beyaz Oversize Şifon Tişört,482 TL,4.5,M** S**,"Çok beğendim, duruşu çok asil. Teşekkürler.",25 Mayıs 2025,159 cm,,,NovaStyle Official,5
NovaStyle,Beyaz Oversize Şifon Tişört,482 TL,4.5,P** Y**,"Harika bir ürün, fiyatına göre çok kaliteli. Stok yapacağım.",19 Haziran 2025,,60 kg,XL,NovaStyle Official,5
NovaStyle,Beyaz Oversize Şifon Tişört,482 TL,4.5,S** D**,"Çok beğendim, kalıbı tam oturdu. Kaçırmayın derim.",4 Ocak 2025,175 cm,87 kg,XS,NovaStyle Official,5
NovaStyle,Beyaz Oversize Şifon Tişört,482 TL,4.5,E** M**,"Çok beğendim, kumaşı yumuşacık. Kaçırmayın derim.",4 Mayıs 2025,,72 kg,,NovaStyle Official,5
NovaStyle,Beyaz Oversize Şifon Tişört,482 TL,4.5,L** F**,"Harika bir ürün, duruşu çok asil. Hızlı kargo için sağ olun.",23 Temmuz 2025,182 cm,,,NovaStyle Official,5
NovaStyle,Beyaz Oversize Şifon Tişört,482 TL,4.5,N** Y**,"Bayıldım, kalıbı tam oturdu. Teşekkürler.",3 Ekim 2025,182 cm,54 kg,L,NovaStyle Official,5
NovaStyle,Beyaz Oversize Şifon Tişört,482 TL,4.5,A** P**,"Bayıldım, rengi görseldekiyle aynı. Kesinlikle tavsiye ederim.",26 Ağustos 2025,,,S,NovaStyle Official,4
NovaStyle,Beyaz Oversize Şifon Tişört,482 TL,4.5,M** G**,"Ürün fena değil, fiyatına göre idare eder ama çok beklentiniz olmasın.",20 Ağustos 2025,,79 kg,XS,NovaStyle Official,3
NovaStyle,Beyaz Oversize Şifon Tişört,482 TL,4.5,K** P**,"Harika bir ürün, rengi görseldekiyle aynı. Hızlı kargo için sağ olun.",23 Eylül 2025,170 cm,93 kg,M,NovaStyle Official,5
NovaStyle,Beyaz Oversize Şifon Tişört,482 TL,4.5,T** B**,"Çok beğendim, rengi görseldekiyle aynı. Hızlı kargo için sağ olun.",12 Temmuz 2025,156 cm,,L,NovaStyle Official,5
NovaStyle,Beyaz Oversize Şifon Tişört,482 TL,4.5,Y** P**,"Bayıldım, fiyatına göre çok kaliteli. Kesinlikle tavsiye ederim.",15 Ocak 2025,,54 kg,XL,NovaStyle Official,4
NovaStyle,Beyaz Oversize Şifon Tişört,482 TL,4.5,P** R**,"Mükemmel, kalıbı tam oturdu. Teşekkürler.",22 Ekim 2025,169 cm,51 kg,XL,NovaStyle Official,4
NovaStyle,Beyaz Oversize Şifon Tişört,482 TL,4.5,E** V**,"Mükemmel, kalıbı tam oturdu. Hızlı kargo için sağ olun.",22 Mart 2025,163 cm,,S,NovaStyle Official,5
NovaStyle,Beyaz Oversize Şifon Tişört,482 TL,4.5,B** T**,"Harika bir ürün, duruşu çok asil. Stok yapacağım.",4 Mayıs 2025,,72 kg,,NovaStyle Official,5
NovaStyle,Beyaz Oversize Şifon Tişört,482 TL,4.5,E** V**,"Harika bir ürün, kalıbı tam oturdu. Kaçırmayın derim.",28 Ekim 2025,159 cm,,XL,NovaStyle Official,5
NovaStyle,Beyaz Oversize Şifon Tişört,482 TL,4.5,G** R**,"Mükemmel, rengi görseldekiyle aynı. Stok yapacağım.",24 Ekim 2025,,91 kg,XL,NovaStyle Official,5
NovaStyle,Beyaz Oversize Şifon Tişört,482 TL,4.5,N** Y**,"Tam istediğim gibi, kalıbı tam oturdu. Hızlı kargo için sağ olun.",24 Mayıs 2025,,81 kg,L,NovaStyle Official,5
NovaStyle,Beyaz Oversize Şifon Tişört,482 TL,4.5,P** M**,"Çok beğendim, duruşu çok asil. Kaçırmayın derim.",28 Kasım 2025,,85 kg,L,NovaStyle Official,5
NovaStyle,Beyaz Oversize Şifon Tişört,482 TL,4.5,Z** A**,"Tam istediğim gibi, kumaşı yumuşacık. Hızlı kargo için sağ olun.",20 Aralık 2024,159 cm,,XL,NovaStyle Official,5
NovaStyle,Beyaz Oversize Şifon Tişört,482 TL,4.5,N** S**,"Çok beğendim, fiyatına göre çok kaliteli. Hızlı kargo için sağ olun.",15 Ocak 2025,181 cm,75 kg,,NovaStyle Official,5
VelvetTouch,Krem Slim Fit Triko Tişört,830 TL,2.1,B** V**,"Üzülerek söylüyorum, rengi soluk geldi. Bir daha almam.",9 Ocak 2025,155 cm,,M,VelvetTouch Official,2
VelvetTouch,Krem Slim Fit Triko Tişört,830 TL,2.1,A** L**,"Hiç beğenmedim, rengi soluk geldi. Paranıza yazık.",13 Haziran 2025,183 cm,,L,VelvetTouch Official,1
VelvetTouch,Krem Slim Fit Triko Tişört,830 TL,2.1,Z** K**,"Hayal kırıklığı, rengi soluk geldi. Görselle alakası yok.",3 Ekim 2025,184 cm,,XS,VelvetTouch Official,2
VelvetTouch,Krem Slim Fit Triko Tişört,830 TL,2.1,E** L**,"Hiç beğenmedim, rengi soluk geldi. Görselle alakası yok.",22 Haziran 2025,,51 kg,XL,VelvetTouch Official,1
VelvetTouch,Krem Slim Fit Triko Tişört,830 TL,2.1,T** T**,"Üzülerek söylüyorum, rengi soluk geldi. İade edeceğim.",7 Mart 2025,158 cm,,XL,VelvetTouch Official,1
VelvetTouch,Krem Slim Fit Triko Tişört,830 TL,2.1,S** S**,"Beklediğim gibi gelmedi, kalıbı çok dar. İade edeceğim.",19 Temmuz 2025,168 cm,,S,VelvetTouch Official,1
VelvetTouch,Krem Slim Fit Triko Tişört,830 TL,2.1,M** N**,"Üzülerek söylüyorum, rengi soluk geldi. Bir daha almam.",30 Ağustos 2025,181 cm,78 kg,L,VelvetTouch Official,2
VelvetTouch,Krem Slim Fit Triko Tişört,830 TL,2.1,P** Z**,"Hiç beğenmedim, kalıbı çok dar. Bir daha almam.",12 Ekim 2025,,,XS,VelvetTouch Official,1
VelvetTouch,Krem Slim Fit Triko Tişört,830 TL,2.1,F** A**,"Üzülerek söylüyorum, kalıbı çok dar. Bir daha almam.",7 Haziran 2025,162 cm,,XL,VelvetTouch Official,2
VelvetTouch,Krem Slim Fit Triko Tişört,830 TL,2.1,B** Z**,"Maalesef iade, dikişleri hatalı. Paranıza yazık.",26 Kasım 2025,,59 kg,XL,VelvetTouch Official,1
VelvetTouch,Krem Slim Fit Triko Tişört,830 TL,2.1,K** B**,"Beklediğim gibi gelmedi, rengi soluk geldi. Paranıza yazık.",28 Temmuz 2025,170 cm,,,VelvetTouch Official,1
VelvetTouch,Krem Slim Fit Triko Tişört,830 TL,2.1,R** L**,"Mükemmel, duruşu çok asil. Kaçırmayın derim.",4 Kasım 2025,168 cm,64 kg,M,VelvetTouch Official,5
VelvetTouch,Krem Slim Fit Triko Tişört,830 TL,2.1,F** R**,"Mükemmel, fiyatına göre çok kaliteli. Kesinlikle tavsiye ederim.",22 Ekim 2025,160 cm,,,VelvetTouch Official,4
VelvetTouch,Krem Slim Fit Triko Tişört,830 TL,2.1,E** Z**,"Bayıldım, rengi görseldekiyle aynı. Stok yapacağım.",28 Ocak 2025,,,M,VelvetTouch Official,4
VelvetTouch,Krem Slim Fit Triko Tişört,830 TL,2.1,A** T**,"Tam istediğim gibi, rengi görseldekiyle aynı. Hızlı kargo için sağ olun.",4 Ocak 2025,175 cm,85 kg,M,VelvetTouch Official,5
VelvetTouch,Krem Slim Fit Triko Tişört,830 TL,2.1,P** M**,"Ürün fena değil, fiyatına göre idare eder ama çok beklentiniz olmasın.",22 Ağustos 2025,,91 kg,,VelvetTouch Official,3
VelvetTouch,Krem Slim Fit Triko Tişört,830 TL,2.1,B** C**,"Hiç beğenmedim, kumaşı çok kalitesiz. Paranıza yazık.",9 Ekim 2025,155 cm,,XL,VelvetTouch Official,2
VelvetTouch,Krem Slim Fit Triko Tişört,830 TL,2.1,Z** T**,"Ürün fena değil, fiyatına göre idare eder ama çok beklentiniz olmasın.",2 Mayıs 2025,,,XS,VelvetTouch Official,3
VelvetTouch,Krem Slim Fit Triko Tişört,830 TL,2.1,Y** N**,"Üzülerek söylüyorum, rengi soluk geldi. İade edeceğim.",23 Haziran 2025,167 cm,,,VelvetTouch Official,2
VelvetTouch,Krem Slim Fit Triko Tişört,830 TL,2.1,K** K**,"Çok beğendim, duruşu çok asil. Hızlı kargo için sağ olun.",21 Şubat 2025,159 cm,66 kg,,VelvetTouch Official,4
VelvetTouch,Krem Slim Fit Triko Tişört,830 TL,2.1,S** K**,"Üzülerek söylüyorum, dikişleri hatalı. Tavsiye etmiyorum.",3 Ağustos 2025,157 cm,69 kg,XS,VelvetTouch Official,2
NovaStyle,Haki Desenli Triko Ceket,1041 TL,3.8,L** E**,"Mükemmel, duruşu çok asil. Hızlı kargo için sağ olun.",9 Ocak 2025,,86 kg,S,NovaStyle Official,5
NovaStyle,Haki Desenli Triko Ceket,1041 TL,3.8,K** L**,"Harika bir ürün, kumaşı yumuşacık. Kaçırmayın derim.",27 Mayıs 2025,,95 kg,,NovaStyle Official,5
NovaStyle,Haki Desenli Triko Ceket,1041 TL,3.8,Y** Z**,"Bayıldım, kumaşı yumuşacık. Kaçırmayın derim.",6 Kasım 2025,166 cm,,XS,NovaStyle Official,5
NovaStyle,Haki Desenli Triko Ceket,1041 TL,3.8,A** R**,"Tam istediğim gibi, duruşu çok asil. Kaçırmayın derim.",3 Mart 2025,,,M,NovaStyle Official,5
NovaStyle,Haki Desenli Triko Ceket,1041 TL,3.8,Y** D**,"Mükemmel, duruşu çok asil. Kaçırmayın derim.",14 Haziran 2025,158 cm,66 kg,L,NovaStyle Official,5
NovaStyle,Haki Desenli Triko Ceket,1041 TL,3.8,E** Y**,"Maalesef iade, kumaşı çok kalitesiz. Paranıza yazık.",30 Ekim 2025,173 cm,64 kg,M,NovaStyle Official,2
NovaStyle,Haki Desenli Triko Ceket,1041 TL,3.8,R** Y**,"Üzülerek söylüyorum, kalıbı çok dar. Tavsiye etmiyorum.",8 Ağustos 2025,180 cm,,XL,NovaStyle Official,1
NovaStyle,Haki Desenli Triko Ceket,1041 TL,3.8,D** M**,"Ürün fena değil, fiyatına göre idare eder ama çok beklentiniz olmasın.",29 Mart 2025,,84 kg,M,NovaStyle Official,3
NovaStyle,Haki Desenli Triko Ceket,1041 TL,3.8,B** R**,"Tam istediğim gibi, fiyatına göre çok kaliteli. Teşekkürler.",10 Mayıs 2025,167 cm,56 kg,XL,NovaStyle Official,5
NovaStyle,Haki Desenli Triko Ceket,1041 TL,3.8,K** A**,"Mükemmel, fiyatına göre çok kaliteli. Hızlı kargo için sağ olun.",28 Temmuz 2025,163 cm,81 kg,XS,NovaStyle Official,4
NovaStyle,Haki Desenli Triko Ceket,1041 TL,3.8,M** C**,"Ürün fena değil, fiyatına göre idare eder ama çok beklentiniz olmasın.",19 Eylül 2025,,,M,NovaStyle Official,3
NovaStyle,Haki Desenli Triko Ceket,1041 TL,3.8,C** C**,"Ürün fena değil, fiyatına göre idare eder ama çok beklentiniz olmasın.",8 Temmuz 2025,,,,NovaStyle Official,3
NovaStyle,Haki Desenli Triko Ceket,1041 TL,3.8,G** R**,"Hayal kırıklığı, rengi soluk geldi. Tavsiye etmiyorum.",6 Ağustos 2025,,,L,NovaStyle Official,1
NovaStyle,Haki Desenli Triko Ceket,1041 TL,3.8,T** R**,"Harika bir ürün, kalıbı tam oturdu. Stok yapacağım.",3 Şubat 2025,182 cm,62 kg,L,NovaStyle Official,4
NovaStyle,Haki Desenli Triko Ceket,1041 TL,3.8,N** P**,"Tam istediğim gibi, fiyatına göre çok kaliteli. Stok yapacağım.",11 Mayıs 2025,173 cm,,S,NovaStyle Official,5
NovaStyle,Haki Desenli Triko Ceket,1041 TL,3.8,L** A**,"Ürün fena değil, fiyatına göre idare eder ama çok beklentiniz olmasın.",17 Mayıs 2025,182 cm,58 kg,XS,NovaStyle Official,3
NovaStyle,Haki Desenli Triko Ceket,1041 TL,3.8,K** A**,"Çok beğendim, kalıbı tam oturdu. Kaçırmayın derim.",19 Mayıs 2025,,,XL,NovaStyle Official,4
NovaStyle,Haki Desenli Triko Ceket,1041 TL,3.8,K** A**,"Tam istediğim gibi, fiyatına göre çok kaliteli. Stok yapacağım.",3 Eylül 2025,164 cm,,S,NovaStyle Official,4
NovaStyle,Haki Desenli Triko Ceket,1041 TL,3.8,F** P**,"Mükemmel, duruşu çok asil. Hızlı kargo için sağ olun.",6 Mayıs 2025,166 cm,86 kg,XS,NovaStyle Official,4
NovaStyle,Haki Desenli Triko Ceket,1041 TL,3.8,G** E**,"Bayıldım, kumaşı yumuşacık. Hızlı kargo için sağ olun.",24 Kasım 2025,180 cm,56 kg,L,NovaStyle Official,5
NovaStyle,Haki Desenli Triko Ceket,1041 TL,3.8,G** Z**,"Ürün fena değil, fiyatına göre idare eder ama çok beklentiniz olmasın.",10 Kasım 2025,,81 kg,XS,NovaStyle Official,3
NovaStyle,Haki Desenli Triko Ceket,1041 TL,3.8,E** N**,"Ürün fena değil, fiyatına göre idare eder ama çok beklentiniz olmasın.",7 Haziran 2025,184 cm,,XS,NovaStyle Official,3
NovaStyle,Haki Desenli Triko Ceket,1041 TL,3.8,S** F**,"Ürün fena değil, fiyatına göre idare eder ama çok beklentiniz olmasın.",2 Kasım 2025,182 cm,,XL,NovaStyle Official,3
NovaStyle,Haki Desenli Triko Ceket,1041 TL,3.8,B** R**,"Beklediğim gibi gelmedi, iç gösteriyor. Tavsiye etmiyorum.",25 Kasım 2025,,58 kg,S,NovaStyle Official,1
NovaStyle,Haki Desenli Triko Ceket,1041 TL,3.8,G** L**,"Çok beğendim, fiyatına göre çok kaliteli. Hızlı kargo için sağ olun.",2 Haziran 2025,183 cm,,XL,NovaStyle Official,5
PureLine,Bej Oversize Keten Bluz,1256 TL,3.8,D** K**,"Ürün fena değil, fiyatına göre idare eder ama çok beklentiniz olmasın.",11 Ocak 2025,155 cm,,M,PureLine Official,3
PureLine,Bej Oversize Keten Bluz,1256 TL,3.8,C** D**,"Ürün fena değil, fiyatına göre idare eder ama çok beklentiniz olmasın.",16 Mart 2025,184 cm,,L,PureLine Official,3
PureLine,Bej Oversize Keten Bluz,1256 TL,3.8,Y** Z**,"Üzülerek söylüyorum, dikişleri hatalı. Paranıza yazık.",7 Şubat 2025,158 cm,,S,PureLine Official,2
PureLine,Bej Oversize Keten Bluz,1256 TL,3.8,Z** B**,"Ürün fena değil, fiyatına göre idare eder ama çok beklentiniz olmasın.",6 Ekim 2025,160 cm,93 kg,,PureLine Official,3
PureLine,Bej Oversize Keten Bluz,1256 TL,3.8,A** L**,"Harika bir ürün, duruşu çok asil. Kaçırmayın derim.",5 Temmuz 2025,182 cm,,S,PureLine Official,5
PureLine,Bej Oversize Keten Bluz,1256 TL,3.8,G** B**,"Ürün fena değil, fiyatına göre idare eder ama çok beklentiniz olmasın.",10 Mart 2025,,87 kg,M,PureLine Official,3
PureLine,Bej Oversize Keten Bluz,1256 TL,3.8,Z** S**,"Ürün fena değil, fiyatına göre idare eder ama çok beklentiniz olmasın.",29 Aralık 2024,178 cm,48 kg,S,PureLine Official,3
PureLine,Bej Oversize Keten Bluz,1256 TL,3.8,A** C**,"Ürün fena değil, fiyatına göre idare eder ama çok beklentiniz olmasın.",20 Ağustos 2025,183 cm,88 kg,XL,PureLine Official,3
PureLine,Bej Oversize Keten Bluz,1256 TL,3.8,L** D**,"Mükemmel, kumaşı yumuşacık. Kaçırmayın derim.",13 Ocak 2025,167 cm,55 kg,L,PureLine Official,5
PureLine,Bej Oversize Keten Bluz,1256 TL,3.8,Z** E**,"Beklediğim gibi gelmedi, kumaşı çok kalitesiz. Paranıza yazık.",12 Ağustos 2025,173 cm,,XL,PureLine Official,1
PureLine,Bej Oversize Keten Bluz,1256 TL,3.8,T** E**,"Hiç beğenmedim, kalıbı çok dar. Paranıza yazık.",29 Ocak 2025,167 cm,95 kg,S,PureLine Official,1
PureLine,Bej Oversize Keten Bluz,1256 TL,3.8,L** A**,"Hayal kırıklığı, iç gösteriyor. İade edeceğim.",13 Kasım 2025,165 cm,64 kg,XS,PureLine Official,1
PureLine,Bej Oversize Keten Bluz,1256 TL,3.8,V** N**,"Çok beğendim, kalıbı tam oturdu. Teşekkürler.",10 Ocak 2025,,61 kg,M,PureLine Official,4
PureLine,Bej Oversize Keten Bluz,1256 TL,3.8,R** C**,"Beklediğim gibi gelmedi, dikişleri hatalı. Bir daha almam.",7 Ağustos 2025,168 cm,,L,PureLine Official,2
PureLine,Bej Oversize Keten Bluz,1256 TL,3.8,Z** T**,"Ürün fena değil, fiyatına göre idare eder ama çok beklentiniz olmasın.",21 Kasım 2025,,55 kg,M,PureLine Official,3
PureLine,Bej Oversize Keten Bluz,1256 TL,3.8,K** L**,"Ürün fena değil, fiyatına göre idare eder ama çok beklentiniz olmasın.",4 Haziran 2025,180 cm,91 kg,XS,PureLine Official,3
PureLine,Bej Oversize Keten Bluz,1256 TL,3.8,Y** S**,"Ürün fena değil, fiyatına göre idare eder ama çok beklentiniz olmasın.",25 Ocak 2025,175 cm,,L,PureLine Official,3
PureLine,Bej Oversize Keten Bluz,1256 TL,3.8,E** A**,"Mükemmel, kalıbı tam oturdu. Teşekkürler.",18 Mart 2025,165 cm,83 kg,XL,PureLine Official,5
PureLine,Bej Oversize Keten Bluz,1256 TL,3.8,V** E**,"Bayıldım, kalıbı tam oturdu. Kesinlikle tavsiye ederim.",24 Ekim 2025,,83 kg,,PureLine Official,5
ModaVibe,Beyaz Desenli Kadife Etek,1114 TL,2.1,A** P**,"Beklediğim gibi gelmedi, iç gösteriyor. Tavsiye etmiyorum.",10 Kasım 2025,176 cm,91 kg,XS,ModaVibe Official,2
ModaVibe,Beyaz Desenli Kadife Etek,1114 TL,2.1,P** Z**,"Hayal kırıklığı, rengi soluk geldi. Paranıza yazık.",23 Ocak 2025,,55 kg,S,ModaVibe Official,1
ModaVibe,Beyaz Desenli Kadife Etek,1114 TL,2.1,N** B**,"Maalesef iade, rengi soluk geldi. İade edeceğim.",27 Eylül 2025,166 cm,81 kg,,ModaVibe Official,2
ModaVibe,Beyaz Desenli Kadife Etek,1114 TL,2.1,D** E**,"Hayal kırıklığı, rengi soluk geldi. Görselle alakası yok.",28 Haziran 2025,,73 kg,,ModaVibe Official,2
ModaVibe,Beyaz Desenli Kadife Etek,1114 TL,2.1,S** F**,"Ürün fena değil, fiyatına göre idare eder ama çok beklentiniz olmasın.",23 Temmuz 2025,185 cm,73 kg,L,ModaVibe Official,3
ModaVibe,Beyaz Desenli Kadife Etek,1114 TL,2.1,B** P**,"Hiç beğenmedim, kalıbı çok dar. Görselle alakası yok.",27 Haziran 2025,,73 kg,XL,ModaVibe Official,1
ModaVibe,Beyaz Desenli Kadife Etek,1114 TL,2.1,R** F**,"Üzülerek söylüyorum, rengi soluk geldi. Bir daha almam.",20 Mart 2025,165 cm,56 kg,L,ModaVibe Official,1
ModaVibe,Beyaz Desenli Kadife Etek,1114 TL,2.1,N** Y**,"Harika bir ürün, rengi görseldekiyle aynı. Teşekkürler.",22 Temmuz 2025,181 cm,93 kg,,ModaVibe Official,4
ModaVibe,Beyaz Desenli Kadife Etek,1114 TL,2.1,C** D**,"Mükemmel, fiyatına göre çok kaliteli. Stok yapacağım.",15 Ağustos 2025,155 cm,93 kg,S,ModaVibe Official,5
ModaVibe,Beyaz Desenli Kadife Etek,1114 TL,2.1,P** E**,"Üzülerek söylüyorum, kumaşı çok kalitesiz. Paranıza yazık.",10 Kasım 2025,,58 kg,XS,ModaVibe Official,2
ModaVibe,Beyaz Desenli Kadife Etek,1114 TL,2.1,B** Z**,"Maalesef iade, iç gösteriyor. Görselle alakası yok.",9 Nisan 2025,,60 kg,M,ModaVibe Official,2
ModaVibe,Beyaz Desenli Kadife Etek,1114 TL,2.1,L** D**,"Mükemmel, fiyatına göre çok kaliteli. Kaçırmayın derim.",8 Ekim 2025,185 cm,,XL,ModaVibe Official,4
ModaVibe,Beyaz Desenli Kadife Etek,1114 TL,2.1,K** L**,"Üzülerek söylüyorum, kalıbı çok dar. İade edeceğim.",14 Ocak 2025,,78 kg,XS,ModaVibe Official,1
ModaVibe,Beyaz Desenli Kadife Etek,1114 TL,2.1,N** K**,"Hayal kırıklığı, iç gösteriyor. İade edeceğim.",24 Eylül 2025,183 cm,51 kg,L,ModaVibe Official,1
ModaVibe,Beyaz Desenli Kadife Etek,1114 TL,2.1,A** F**,"Hiç beğenmedim, dikişleri hatalı. İade edeceğim.",20 Mayıs 2025,179 cm,91 kg,L,ModaVibe Official,1
ModaVibe,Beyaz Desenli Kadife Etek,1114 TL,2.1,D** E**,"Mükemmel, fiyatına göre çok kaliteli. Hızlı kargo için sağ olun.",28 Haziran 2025,157 cm,89 kg,S,ModaVibe Official,4
ModaVibe,Beyaz Desenli Kadife Etek,1114 TL,2.1,Y** V**,"Ürün fena değil, fiyatına göre idare eder ama çok beklentiniz olmasın.",23 Ocak 2025,167 cm,75 kg,L,ModaVibe Official,3
ModaVibe,Beyaz Desenli Kadife Etek,1114 TL,2.1,P** Z**,"Maalesef iade, iç gösteriyor. Tavsiye etmiyorum.",14 Ağustos 2025,,89 kg,M,ModaVibe Official,1
ModaVibe,Beyaz Desenli Kadife Etek,1114 TL,2.1,S** P**,"Harika bir ürün, fiyatına göre çok kaliteli. Kaçırmayın derim.",2 Temmuz 2025,179 cm,66 kg,,ModaVibe Official,4
ModaVibe,Beyaz Desenli Kadife Etek,1114 TL,2.1,P** S**,"Hiç beğenmedim, iç gösteriyor. Görselle alakası yok.",4 Mayıs 2025,,84 kg,L,ModaVibe Official,2
ModaVibe,Beyaz Desenli Kadife Etek,1114 TL,2.1,L** E**,"Hayal kırıklığı, dikişleri hatalı. Görselle alakası yok.",2 Nisan 2025,,,,ModaVibe Official,1
ModaVibe,Beyaz Desenli Kadife Etek,1114 TL,2.1,T** R**,"Üzülerek söylüyorum, iç gösteriyor. Tavsiye etmiyorum.",25 Haziran 2025,,,L,ModaVibe Official,2
ModaVibe,Beyaz Desenli Kadife Etek,1114 TL,2.1,Y** E**,"Hiç beğenmedim, iç gösteriyor. Bir daha almam.",5 Ağustos 2025,184 cm,50 kg,L,ModaVibe Official,1
ModaVibe,Siyah Dökümlü Jean Kazak,1165 TL,4.5,V** S**,"Tam istediğim gibi, kalıbı tam oturdu. Kaçırmayın derim.",31 Mart 2025,167 cm,76 kg,L,ModaVibe Official,4
ModaVibe,Siyah Dökümlü Jean Kazak,1165 TL,4.5,V** V**,"Bayıldım, rengi görseldekiyle aynı. Teşekkürler.",10 Temmuz 2025,,82 kg,M,ModaVibe Official,5
ModaVibe,Siyah Dökümlü Jean Kazak,1165 TL,4.5,Y** C**,"Mükemmel, fiyatına göre çok kaliteli. Kaçırmayın derim.",17 Ocak 2025,174 cm,79 kg,XL,ModaVibe Official,4
ModaVibe,Siyah Dökümlü Jean Kazak,1165 TL,4.5,P** P**,"Çok beğendim, kalıbı tam oturdu. Kesinlikle tavsiye ederim.",29 Temmuz 2025,,,L,ModaVibe Official,5
ModaVibe,Siyah Dökümlü Jean Kazak,1165 TL,4.5,F** A**,"Harika bir ürün, rengi görseldekiyle aynı. Hızlı kargo için sağ olun.",22 Temmuz 2025,174 cm,,,ModaVibe Official,5
ModaVibe,Siyah Dökümlü Jean Kazak,1165 TL,4.5,G** N**,"Bayıldım, rengi görseldekiyle aynı. Hızlı kargo için sağ olun.",9 Kasım 2025,160 cm,81 kg,XS,ModaVibe Official,4
ModaVibe,Siyah Dökümlü Jean Kazak,1165 TL,4.5,R** N**,"Ürün fena değil, fiyatına göre idare eder ama çok beklentiniz olmasın.",6 Şubat 2025,174 cm,62 kg,XL,ModaVibe Official,3
ModaVibe,Siyah Dökümlü Jean Kazak,1165 TL,4.5,G** P**,"Ürün fena değil, fiyatına göre idare eder ama çok beklentiniz olmasın.",14 Kasım 2025,,93 kg,XS,ModaVibe Official,3
ModaVibe,Siyah Dökümlü Jean Kazak,1165 TL,4.5,M** D**,"Bayıldım, duruşu çok asil. Hızlı kargo için sağ olun.",8 Ocak 2025,177 cm,,,ModaVibe Official,4
ModaVibe,Siyah Dökümlü Jean Kazak,1165 TL,4.5,M** P**,"Çok beğendim, kalıbı tam oturdu. Kesinlikle tavsiye ederim.",26 Ekim 2025,,,XL,ModaVibe Official,5
ModaVibe,Siyah Dökümlü Jean Kazak,1165 TL,4.5,D** M**,"Çok beğendim, duruşu çok asil. Kesinlikle tavsiye ederim.",24 Şubat 2025,,,M,ModaVibe Official,5
ModaVibe,Siyah Dökümlü Jean Kazak,1165 TL,4.5,T** Y**,"Harika bir ürün, fiyatına göre çok kaliteli. Kesinlikle tavsiye ederim.",11 Haziran 2025,,,,ModaVibe Official,5
ModaVibe,Siyah Dökümlü Jean Kazak,1165 TL,4.5,Z** S**,"Harika bir ürün, kumaşı yumuşacık. Kaçırmayın derim.",18 Ocak 2025,,71 kg,XS,ModaVibe Official,5
ModaVibe,Siyah Dökümlü Jean Kazak,1165 TL,4.5,D** B**,"Mükemmel, kalıbı tam oturdu. Kaçırmayın derim.",1 Ocak 2025,180 cm,72 kg,,ModaVibe Official,5
ModaVibe,Siyah Dökümlü Jean Kazak,1165 TL,4.5,V** M**,"Bayıldım, fiyatına göre çok kaliteli. Kesinlikle tavsiye ederim.",3 Mayıs 2025,,81 kg,,ModaVibe Official,5
ModaVibe,Siyah Dökümlü Jean Kazak,1165 TL,4.5,G** D**,"Bayıldım, kalıbı tam oturdu. Hızlı kargo için sağ olun.",23 Ocak 2025,,,S,ModaVibe Official,5
ModaVibe,Siyah Dökümlü Jean Kazak,1165 TL,4.5,T** L**,"Harika bir ürün, kumaşı yumuşacık. Kesinlikle tavsiye ederim.",27 Şubat 2025,161 cm,,,ModaVibe Official,5
ModaVibe,Siyah Dökümlü Jean Kazak,1165 TL,4.5,C** A**,"Çok beğendim, rengi görseldekiyle aynı. Kaçırmayın derim.",9 Ekim 2025,169 cm,,S,ModaVibe Official,4
ModaVibe,Siyah Dökümlü Jean Kazak,1165 TL,4.5,L** P**,"Harika bir ürün, duruşu çok asil. Kaçırmayın derim.",31 Mart 2025,182 cm,48 kg,XS,ModaVibe Official,5
ModaVibe,Siyah Dökümlü Jean Kazak,1165 TL,4.5,K** N**,"Harika bir ürün, rengi görseldekiyle aynı. Kaçırmayın derim.",1 Şubat 2025,,55 kg,L,ModaVibe Official,4
ModaVibe,Siyah Dökümlü Jean Kazak,1165 TL,4.5,M** K**,"Ürün fena değil, fiyatına göre idare eder ama çok beklentiniz olmasın.",5 Haziran 2025,,,M,ModaVibe Official,3
ModaVibe,Siyah Dökümlü Jean Kazak,1165 TL,4.5,M** R**,"Harika bir ürün, fiyatına göre çok kaliteli. Hızlı kargo için sağ olun.",6 Ağustos 2025,175 cm,95 kg,L,ModaVibe Official,5
ModaVibe,Siyah Dökümlü Jean Kazak,1165 TL,4.5,V** R**,"Hayal kırıklığı, dikişleri hatalı. Tavsiye etmiyorum.",15 Nisan 2025,176 cm,53 kg,L,ModaVibe Official,2
ModaVibe,Siyah Dökümlü Jean Kazak,1165 TL,4.5,K** Z**,"Harika bir ürün, kalıbı tam oturdu. Kaçırmayın derim.",15 Mayıs 2025,168 cm,51 kg,L,ModaVibe Official,5
ModaVibe,Siyah Dökümlü Jean Kazak,1165 TL,4.5,B** D**,"Üzülerek söylüyorum, kumaşı çok kalitesiz. Tavsiye etmiyorum.",26 Şubat 2025,,91 kg,,ModaVibe Official,2
ModaVibe,Siyah Dökümlü Jean Kazak,1165 TL,4.5,V** M**,"Mükemmel, duruşu çok asil. Kesinlikle tavsiye ederim.",11 Eylül 2025,158 cm,,M,ModaVibe Official,5
ModaVibe,Siyah Dökümlü Jean Kazak,1165 TL,4.5,C** D**,"Tam istediğim gibi, duruşu çok asil. Kesinlikle tavsiye ederim.",4 Aralık 2024,,,L,ModaVibe Official,4
ModaVibe,Siyah Dökümlü Jean Kazak,1165 TL,4.5,Y** Z**,"Harika bir ürün, duruşu çok asil. Kaçırmayın derim.",18 Mart 2025,163 cm,59 kg,S,ModaVibe Official,5
ModaVibe,Siyah Dökümlü Jean Kazak,1165 TL,4.5,Y** K**,"Harika bir ürün, fiyatına göre çok kaliteli. Teşekkürler.",22 Ocak 2025,,92 kg,L,ModaVibe Official,5
PureLine,Haki Dökümlü Kadife Elbise,959 TL,3.8,A** A**,"Maalesef iade, rengi soluk geldi. Tavsiye etmiyorum.",16 Ağustos 2025,176 cm,73 kg,,PureLine Official,2
PureLine,Haki Dökümlü Kadife Elbise,959 TL,3.8,A** B**,"Çok beğendim, kumaşı yumuşacık. Stok yapacağım.",23 Mart 2025,161 cm,,XL,PureLine Official,5
PureLine,Haki Dökümlü Kadife Elbise,959 TL,3.8,V** G**,"Ürün fena değil, fiyatına göre idare eder ama çok beklentiniz olmasın.",15 Ocak 2025,157 cm,51 kg,XL,PureLine Official,3
PureLine,Haki Dökümlü Kadife Elbise,959 TL,3.8,T** K**,"Harika bir ürün, kumaşı yumuşacık. Kaçırmayın derim.",31 Ocak 2025,171 cm,54 kg,M,PureLine Official,5
PureLine,Haki Dökümlü Kadife Elbise,959 TL,3.8,B** V**,"Beklediğim gibi gelmedi, rengi soluk geldi. İade edeceğim.",18 Ocak 2025,,82 kg,L,PureLine Official,2
PureLine,Haki Dökümlü Kadife Elbise,959 TL,3.8,B** S**,"Tam istediğim gibi, fiyatına göre çok kaliteli. Teşekkürler.",4 Aralık 2024,,77 kg,S,PureLine Official,5
PureLine,Haki Dökümlü Kadife Elbise,959 TL,3.8,E** D**,"Ürün fena değil, fiyatına göre idare eder ama çok beklentiniz olmasın.",15 Ekim 2025,155 cm,,,PureLine Official,3
PureLine,Haki Dökümlü Kadife Elbise,959 TL,3.8,S** E**,"Ürün fena değil, fiyatına göre idare eder ama çok beklentiniz olmasın.",3 Ağustos 2025,169 cm,90 kg,XS,PureLine Official,3
PureLine,Haki Dökümlü Kadife Elbise,959 TL,3.8,F** E**,"Tam istediğim gibi, kalıbı tam oturdu. Teşekkürler.",15 Eylül 2025,,77 kg,M,PureLine Official,4
PureLine,Haki Dökümlü Kadife Elbise,959 TL,3.8,Z** Y**,"Çok beğendim, fiyatına göre çok kaliteli. Kesinlikle tavsiye ederim.",31 Ekim 2025,180 cm,57 kg,L,PureLine Official,5
PureLine,Haki Dökümlü Kadife Elbise,959 TL,3.8,S** K**,"Hayal kırıklığı, iç gösteriyor. Görselle alakası yok.",10 Aralık 2024,161 cm,75 kg,S,PureLine Official,1
PureLine,Haki Dökümlü Kadife Elbise,959 TL,3.8,B** B**,"Harika bir ürün, kumaşı yumuşacık. Kaçırmayın derim.",14 Mart 2025,181 cm,83 kg,,PureLine Official,4
PureLine,Haki Dökümlü Kadife Elbise,959 TL,3.8,T** K**,"Ürün fena değil, fiyatına göre idare eder ama çok beklentiniz olmasın.",18 Temmuz 2025,179 cm,,XL,PureLine Official,3
PureLine,Haki Dökümlü Kadife Elbise,959 TL,3.8,G** Y**,"Tam istediğim gibi, kalıbı tam oturdu. Kesinlikle tavsiye ederim.",2 Nisan 2025,185 cm,,M,PureLine Official,4
PureLine,Haki Dökümlü Kadife Elbise,959 TL,3.8,Z** C**,"Harika bir ürün, rengi görseldekiyle aynı. Teşekkürler.",22 Ağustos 2025,164 cm,,S,PureLine Official,5
PureLine,Haki Dökümlü Kadife Elbise,959 TL,3.8,C** D**,"Ürün fena değil, fiyatına göre idare eder ama çok beklentiniz olmasın.",13 Ağustos 2025,158 cm,48 kg,,PureLine Official,3
PureLine,Haki Dökümlü Kadife Elbise,959 TL,3.8,P** S**,"Ürün fena değil, fiyatına göre idare eder ama çok beklentiniz olmasın.",24 Eylül 2025,185 cm,53 kg,XS,PureLine Official,3
PureLine,Haki Dökümlü Kadife Elbise,959 TL,3.8,G** Z**,"Harika bir ürün, fiyatına göre çok kaliteli. Teşekkürler.",4 Mart 2025,174 cm,73 kg,L,PureLine Official,4
PureLine,Haki Dökümlü Kadife Elbise,959 TL,3.8,E** Y**,"Harika bir ürün, duruşu çok asil. Kesinlikle tavsiye ederim.",26 Aralık 2024,,80 kg,,PureLine Official,5
PureLine,Haki Dökümlü Kadife Elbise,959 TL,3.8,T** B**,"Bayıldım, duruşu çok asil. Kesinlikle tavsiye ederim.",29 Eylül 2025,,58 kg,,PureLine Official,4
PureLine,Haki Dökümlü Kadife Elbise,959 TL,3.8,A** A**,"Üzülerek söylüyorum, dikişleri hatalı. Bir daha almam.",3 Eylül 2025,167 cm,89 kg,L,PureLine Official,2
PureLine,Haki Dökümlü Kadife Elbise,959 TL,3.8,T** E**,"Harika bir ürün, rengi görseldekiyle aynı. Teşekkürler.",2 Nisan 2025,170 cm,60 kg,S,PureLine Official,5
PureLine,Haki Dökümlü Kadife Elbise,959 TL,3.8,K** E**,"Üzülerek söylüyorum, kalıbı çok dar. Paranıza yazık.",29 Haziran 2025,176 cm,67 kg,S,PureLine Official,2
PureLine,Haki Dökümlü Kadife Elbise,959 TL,3.8,F** F**,"Harika bir ürün, duruşu çok asil. Stok yapacağım.",29 Eylül 2025,,,XL,PureLine Official,4
PureLine,Haki Dökümlü Kadife Elbise,959 TL,3.8,P** K**,"Bayıldım, fiyatına göre çok kaliteli. Hızlı kargo için sağ olun.",20 Haziran 2025,157 cm,86 kg,XS,PureLine Official,4
PureLine,Haki Dökümlü Kadife Elbise,959 TL,3.8,L** Z**,"Ürün fena değil, fiyatına göre idare eder ama çok beklentiniz olmasın.",5 Haziran 2025,,,,PureLine Official,3
PureLine,Haki Dökümlü Kadife Elbise,959 TL,3.8,Z** R**,"Mükemmel, kalıbı tam oturdu. Kesinlikle tavsiye ederim.",10 Mayıs 2025,,,XS,PureLine Official,5
PureLine,Haki Dökümlü Kadife Elbise,959 TL,3.8,A** M**,"Harika bir ürün, rengi görseldekiyle aynı. Stok yapacağım.",27 Haziran 2025,,75 kg,,PureLine Official,4
PureLine,Haki Dökümlü Kadife Elbise,959 TL,3.8,C** Y**,"Hiç beğenmedim, iç gösteriyor. İade edeceğim.",16 Haziran 2025,158 cm,93 kg,M,PureLine Official,2
ZenWear,Beyaz Dökümlü Pamuklu Kazak,1177 TL,4.5,A** G**,"Harika bir ürün, kalıbı tam oturdu. Kaçırmayın derim.",23 Kasım 2025,,,XL,ZenWear Official,5
ZenWear,Beyaz Dökümlü Pamuklu Kazak,1177 TL,4.5,F** Z**,"Tam istediğim gibi, duruşu çok asil. Stok yapacağım.",5 Aralık 2024,181 cm,66 kg,XL,ZenWear Official,5
ZenWear,Beyaz Dökümlü Pamuklu Kazak,1177 TL,4.5,B** G**,"Harika bir ürün, fiyatına göre çok kaliteli. Stok yapacağım.",26 Eylül 2025,156 cm,,XL,ZenWear Official,5
ZenWear,Beyaz Dökümlü Pamuklu Kazak,1177 TL,4.5,G** Y**,"Çok beğendim, duruşu çok asil. Teşekkürler.",25 Haziran 2025,168 cm,95 kg,XL,ZenWear Official,4
ZenWear,Beyaz Dökümlü Pamuklu Kazak,1177 TL,4.5,C** Z**,"Harika bir ürün, kalıbı tam oturdu. Hızlı kargo için sağ olun.",16 Haziran 2025,,,M,ZenWear Official,4
ZenWear,Beyaz Dökümlü Pamuklu Kazak,1177 TL,4.5,E** B**,"Mükemmel, duruşu çok asil. Teşekkürler.",18 Ağustos 2025,179 cm,52 kg,S,ZenWear Official,4
ZenWear,Beyaz Dökümlü Pamuklu Kazak,1177 TL,4.5,L** F**,"Tam istediğim gibi, fiyatına göre çok kaliteli. Hızlı kargo için sağ olun.",13 Ağustos 2025,163 cm,71 kg,XS,ZenWear Official,5
ZenWear,Beyaz Dökümlü Pamuklu Kazak,1177 TL,4.5,N** V**,"Hiç beğenmedim, iç gösteriyor. Bir daha almam.",21 Ekim 2025,,95 kg,XL,ZenWear Official,1
ZenWear,Beyaz Dökümlü Pamuklu Kazak,1177 TL,4.5,P** B**,"Ürün fena değil, fiyatına göre idare eder ama çok beklentiniz olmasın.",1 Eylül 2025,168 cm,,M,ZenWear Official,3
ZenWear,Beyaz Dökümlü Pamuklu Kazak,1177 TL,4.5,M** Z**,"Çok beğendim, fiyatına göre çok kaliteli. Hızlı kargo için sağ olun.",28 Eylül 2025,,72 kg,S,ZenWear Official,5
ZenWear,Beyaz Dökümlü Pamuklu Kazak,1177 TL,4.5,M** C**,"Harika bir ürün, kalıbı tam oturdu. Hızlı kargo için sağ olun.",5 Ağustos 2025,,67 kg,XS,ZenWear Official,5
ZenWear,Beyaz Dökümlü Pamuklu Kazak,1177 TL,4.5,L** P**,"Mükemmel, rengi görseldekiyle aynı. Kaçırmayın derim.",10 Ağustos 2025,157 cm,74 kg,,ZenWear Official,5
ZenWear,Beyaz Dökümlü Pamuklu Kazak,1177 TL,4.5,D** L**,"Bayıldım, kumaşı yumuşacık. Kesinlikle tavsiye ederim.",21 Kasım 2025,,,XL,ZenWear Official,4
ZenWear,Beyaz Dökümlü Pamuklu Kazak,1177 TL,4.5,V** D**,"Bayıldım, fiyatına göre çok kaliteli. Hızlı kargo için sağ olun.",2 Mayıs 2025,169 cm,48 kg,XS,ZenWear Official,5
ZenWear,Beyaz Dökümlü Pamuklu Kazak,1177 TL,4.5,T** E**,"Tam istediğim gibi, duruşu çok asil. Stok yapacağım.",3 Nisan 2025,,64 kg,S,ZenWear Official,4
ZenWear,Beyaz Dökümlü Pamuklu Kazak,1177 TL,4.5,R** D**,"Mükemmel, kalıbı tam oturdu. Teşekkürler.",10 Haziran 2025,182 cm,56 kg,M,ZenWear Official,5
ZenWear,Beyaz Dökümlü Pamuklu Kazak,1177 TL,4.5,T** K**,"Tam istediğim gibi, fiyatına göre çok kaliteli. Hızlı kargo için sağ olun.",27 Ağustos 2025,157 cm,91 kg,,ZenWear Official,4
ZenWear,Beyaz Dökümlü Pamuklu Kazak,1177 TL,4.5,L** T**,"Harika bir ürün, kalıbı tam oturdu. Kaçırmayın derim.",15 Haziran 2025,168 cm,48 kg,XL,ZenWear Official,4
ZenWear,Beyaz Dökümlü Pamuklu Kazak,1177 TL,4.5,Z** G**,"Harika bir ürün, kumaşı yumuşacık. Kaçırmayın derim.",10 Haziran 2025,168 cm,66 kg,XS,ZenWear Official,5
ZenWear,Beyaz Dökümlü Pamuklu Kazak,1177 TL,4.5,P** Y**,"Hiç beğenmedim, rengi soluk geldi. İade edeceğim.",7 Nisan 2025,159 cm,87 kg,XL,ZenWear Official,2
ZenWear,Beyaz Dökümlü Pamuklu Kazak,1177 TL,4.5,Y** D**,"Çok beğendim, rengi görseldekiyle aynı. Teşekkürler.",9 Ekim 2025,161 cm,65 kg,XL,ZenWear Official,4
ZenWear,Beyaz Dökümlü Pamuklu Kazak,1177 TL,4.5,B** K**,"Tam istediğim gibi, rengi görseldekiyle aynı. Teşekkürler.",6 Şubat 2025,179 cm,52 kg,M,ZenWear Official,5
ZenWear,Beyaz Dökümlü Pamuklu Kazak,1177 TL,4.5,T** G**,"Bayıldım, kumaşı yumuşacık. Kaçırmayın derim.",18 Şubat 2025,184 cm,,XL,ZenWear Official,5
ZenWear,Beyaz Dökümlü Pamuklu Kazak,1177 TL,4.5,K** K**,"Tam istediğim gibi, kalıbı tam oturdu. Kesinlikle tavsiye ederim.",29 Temmuz 2025,,49 kg,,ZenWear Official,5
ZenWear,Bej Dökümlü Pamuklu Elbise,1500 TL,3.8,R** T**,"Harika bir ürün, kumaşı yumuşacık. Hızlı kargo için sağ olun.",25 Ocak 2025,180 cm,,M,ZenWear Official,4
ZenWear,Bej Dökümlü Pamuklu Elbise,1500 TL,3.8,L** G**,"Harika bir ürün, kumaşı yumuşacık. Kesinlikle tavsiye ederim.",14 Aralık 2024,,62 kg,,ZenWear Official,4
ZenWear,Bej Dökümlü Pamuklu Elbise,1500 TL,3.8,Z** T**,"Ürün fena değil, fiyatına göre idare eder ama çok beklentiniz olmasın.",17 Aralık 2024,,,M,ZenWear Official,3
ZenWear,Bej Dökümlü Pamuklu Elbise,1500 TL,3.8,Y** L**,"Çok beğendim, rengi görseldekiyle aynı. Hızlı kargo için sağ olun.",6 Şubat 2025,,70 kg,,ZenWear Official,4
ZenWear,Bej Dökümlü Pamuklu Elbise,1500 TL,3.8,N** L**,"Çok beğendim, fiyatına göre çok kaliteli. Hızlı kargo için sağ olun.",2 Ocak 2025,183 cm,67 kg,M,ZenWear Official,4
ZenWear,Bej Dökümlü Pamuklu Elbise,1500 TL,3.8,L** B**,"Ürün fena değil, fiyatına göre idare eder ama çok beklentiniz olmasın.",9 Eylül 2025,,,XS,ZenWear Official,3
ZenWear,Bej Dökümlü Pamuklu Elbise,1500 TL,3.8,M** M**,"Hayal kırıklığı, kalıbı çok dar. Tavsiye etmiyorum.",7 Nisan 2025,,,,ZenWear Official,2
ZenWear,Bej Dökümlü Pamuklu Elbise,1500 TL,3.8,L** L**,"Üzülerek söylüyorum, dikişleri hatalı. Tavsiye etmiyorum.",16 Ocak 2025,179 cm,,M,ZenWear Official,1
ZenWear,Bej Dökümlü Pamuklu Elbise,1500 TL,3.8,E** Z**,"Çok beğendim, fiyatına göre çok kaliteli. Teşekkürler.",19 Mart 2025,,85 kg,L,ZenWear Official,5
ZenWear,Bej Dökümlü Pamuklu Elbise,1500 TL,3.8,E** K**,"Harika bir ürün, kumaşı yumuşacık. Hızlı kargo için sağ olun.",7 Ocak 2025,167 cm,,XL,ZenWear Official,4
ZenWear,Bej Dökümlü Pamuklu Elbise,1500 TL,3.8,V** N**,"Harika bir ürün, kumaşı yumuşacık. Stok yapacağım.",22 Aralık 2024,171 cm,,XS,ZenWear Official,4
ZenWear,Bej Dökümlü Pamuklu Elbise,1500 TL,3.8,R** K**,"Ürün fena değil, fiyatına göre idare eder ama çok beklentiniz olmasın.",5 Mayıs 2025,176 cm,72 kg,XL,ZenWear Official,3
ZenWear,Bej Dökümlü Pamuklu Elbise,1500 TL,3.8,Z** E**,"Çok beğendim, fiyatına göre çok kaliteli. Stok yapacağım.",3 Mart 2025,,48 kg,M,ZenWear Official,4
ZenWear,Bej Dökümlü Pamuklu Elbise,1500 TL,3.8,F** T**,"Hiç beğenmedim, iç gösteriyor. Paranıza yazık.",4 Ağustos 2025,167 cm,,XS,ZenWear Official,1
ZenWear,Bej Dökümlü Pamuklu Elbise,1500 TL,3.8,V** G**,"Bayıldım, fiyatına göre çok kaliteli. Kesinlikle tavsiye ederim.",21 Ocak 2025,,73 kg,XS,ZenWear Official,4
ZenWear,Bej Dökümlü Pamuklu Elbise,1500 TL,3.8,D** K**,"Tam istediğim gibi, rengi görseldekiyle aynı. Kaçırmayın derim.",23 Şubat 2025,172 cm,,S,ZenWear Official,5
ZenWear,Bej Dökümlü Pamuklu Elbise,1500 TL,3.8,M** N**,"Maalesef iade, kalıbı çok dar. İade edeceğim.",23 Haziran 2025,155 cm,85 kg,XL,ZenWear Official,2
ZenWear,Bej Dökümlü Pamuklu Elbise,1500 TL,3.8,F** R**,"Hayal kırıklığı, rengi soluk geldi. Bir daha almam.",28 Eylül 2025,,74 kg,L,ZenWear Official,2
ZenWear,Bej Dökümlü Pamuklu Elbise,1500 TL,3.8,P** G**,"Üzülerek söylüyorum, kalıbı çok dar. Tavsiye etmiyorum.",29 Ekim 2025,156 cm,,XL,ZenWear Official,2
ZenWear,Bej Dökümlü Pamuklu Elbise,1500 TL,3.8,D** F**,"Mükemmel, rengi görseldekiyle aynı. Kaçırmayın derim.",15 Haziran 2025,,63 kg,XL,ZenWear Official,5
ZenWear,Bej Dökümlü Pamuklu Elbise,1500 TL,3.8,Y** V**,"Mükemmel, kumaşı yumuşacık. Stok yapacağım.",10 Mayıs 2025,174 cm,87 kg,S,ZenWear Official,4
ZenWear,Bej Dökümlü Pamuklu Elbise,1500 TL,3.8,M** L**,"Bayıldım, rengi görseldekiyle aynı. Teşekkürler.",29 Kasım 2025,184 cm,84 kg,,ZenWear Official,5
PureLine,Bej Basic Şifon Ceket,1367 TL,2.1,Y** E**,"Ürün fena değil, fiyatına göre idare eder ama çok beklentiniz olmasın.",22 Ağustos 2025,,,M,PureLine Official,3
PureLine,Bej Basic Şifon Ceket,1367 TL,2.1,D** A**,"Ürün fena değil, fiyatına göre idare eder ama çok beklentiniz olmasın.",9 Mayıs 2025,162 cm,84 kg,L,PureLine Official,3
PureLine,Bej Basic Şifon Ceket,1367 TL,2.1,A** N**,"Üzülerek söylüyorum, iç gösteriyor. İade edeceğim.",19 Nisan 2025,,,XS,PureLine Official,2
PureLine,Bej Basic Şifon Ceket,1367 TL,2.1,N** P**,"Beklediğim gibi gelmedi, iç gösteriyor. Görselle alakası yok.",7 Ocak 2025,177 cm,,M,PureLine Official,2
PureLine,Bej Basic Şifon Ceket,1367 TL,2.1,Z** N**,"Hiç beğenmedim, kumaşı çok kalitesiz. İade edeceğim.",8 Mart 2025,165 cm,80 kg,S,PureLine Official,2
PureLine,Bej Basic Şifon Ceket,1367 TL,2.1,N** T**,"Ürün fena değil, fiyatına göre idare eder ama çok beklentiniz olmasın.",12 Mayıs 2025,,,,PureLine Official,3
PureLine,Bej Basic Şifon Ceket,1367 TL,2.1,Z** D**,"Ürün fena değil, fiyatına göre idare eder ama çok beklentiniz olmasın.",12 Mart 2025,179 cm,48 kg,XS,PureLine Official,3
PureLine,Bej Basic Şifon Ceket,1367 TL,2.1,G** C**,"Ürün fena değil, fiyatına göre idare eder ama çok beklentiniz olmasın.",1 Eylül 2025,177 cm,,XS,PureLine Official,3
PureLine,Bej Basic Şifon Ceket,1367 TL,2.1,L** S**,"Beklediğim gibi gelmedi, kumaşı çok kalitesiz. İade edeceğim.",11 Aralık 2024,172 cm,57 kg,S,PureLine Official,2
PureLine,Bej Basic Şifon Ceket,1367 TL,2.1,K** G**,"Beklediğim gibi gelmedi, iç gösteriyor. Bir daha almam.",23 Şubat 2025,,90 kg,S,PureLine Official,2
PureLine,Bej Basic Şifon Ceket,1367 TL,2.1,G** D**,"Beklediğim gibi gelmedi, dikişleri hatalı. Tavsiye etmiyorum.",9 Ekim 2025,171 cm,86 kg,S,PureLine Official,1
PureLine,Bej Basic Şifon Ceket,1367 TL,2.1,E** Z**,"Maalesef iade, kalıbı çok dar. İade edeceğim.",27 Temmuz 2025,,67 kg,XL,PureLine Official,1
PureLine,Bej Basic Şifon Ceket,1367 TL,2.1,M** S**,"Hayal kırıklığı, rengi soluk geldi. Tavsiye etmiyorum.",28 Eylül 2025,171 cm,56 kg,XS,PureLine Official,1
PureLine,Bej Basic Şifon Ceket,1367 TL,2.1,E** B**,"Tam istediğim gibi, kalıbı tam oturdu. Kesinlikle tavsiye ederim.",30 Aralık 2024,,69 kg,XS,PureLine Official,4
PureLine,Bej Basic Şifon Ceket,1367 TL,2.1,Y** M**,"Hiç beğenmedim, kumaşı çok kalitesiz. İade edeceğim.",10 Mayıs 2025,161 cm,80 kg,S,PureLine Official,1
PureLine,Bej Basic Şifon Ceket,1367 TL,2.1,Z** K**,"Maalesef iade, kumaşı çok kalitesiz. Bir daha almam.",14 Ekim 2025,182 cm,71 kg,S,PureLine Official,2
PureLine,Bej Basic Şifon Ceket,1367 TL,2.1,D** P**,"Maalesef iade, rengi soluk geldi. Görselle alakası yok.",18 Ağustos 2025,183 cm,,M,PureLine Official,1
PureLine,Bej Basic Şifon Ceket,1367 TL,2.1,T** L**,"Hiç beğenmedim, rengi soluk geldi. Görselle alakası yok.",2 Kasım 2025,183 cm,74 kg,XL,PureLine Official,1
PureLine,Bej Basic Şifon Ceket,1367 TL,2.1,Z** K**,"Üzülerek söylüyorum, kumaşı çok kalitesiz. Görselle alakası yok.",29 Ocak 2025,,,XS,PureLine Official,1
PureLine,Bej Basic Şifon Ceket,1367 TL,2.1,D** Y**,"Mükemmel, kumaşı yumuşacık. Kaçırmayın derim.",29 Ağustos 2025,157 cm,,M,PureLine Official,4
PureLine,Bej Basic Şifon Ceket,1367 TL,2.1,P** C**,"Çok beğendim, rengi görseldekiyle aynı. Hızlı kargo için sağ olun.",19 Aralık 2024,169 cm,62 kg,M,PureLine Official,4
PureLine,Bej Basic Şifon Ceket,1367 TL,2.1,V** P**,"Tam istediğim gibi, kalıbı tam oturdu. Kesinlikle tavsiye ederim.",21 Ağustos 2025,182 cm,50 kg,XS,PureLine Official,4
PureLine,Bej Basic Şifon Ceket,1367 TL,2.1,V** S**,"Ürün fena değil, fiyatına göre idare eder ama çok beklentiniz olmasın.",11 Haziran 2025,,77 kg,XS,PureLine Official,3
PureLine,Bej Basic Şifon Ceket,1367 TL,2.1,F** M**,"Hayal kırıklığı, kumaşı çok kalitesiz. İade edeceğim.",18 Ocak 2025,,76 kg,,PureLine Official,2
PureLine,Bej Basic Şifon Ceket,1367 TL,2.1,D** S**,"Hayal kırıklığı, dikişleri hatalı. Tavsiye etmiyorum.",10 Ekim 2025,185 cm,,L,PureLine Official,2
PureLine,Bej Basic Şifon Ceket,1367 TL,2.1,T** S**,"Üzülerek söylüyorum, iç gösteriyor. İade edeceğim.",10 Ağustos 2025,185 cm,,,PureLine Official,1
PureLine,Bej Basic Şifon Ceket,1367 TL,2.1,G** N**,"Ürün fena değil, fiyatına göre idare eder ama çok beklentiniz olmasın.",5 Ağustos 2025,,62 kg,L,PureLine Official,3
PureLine,Bej Basic Şifon Ceket,1367 TL,2.1,R** Y**,"Hayal kırıklığı, kumaşı çok kalitesiz. Tavsiye etmiyorum.",28 Ekim 2025,170 cm,,,PureLine Official,2
PureLine,Bej Basic Şifon Ceket,1367 TL,2.1,A** E**,"Beklediğim gibi gelmedi, iç gösteriyor. İade edeceğim.",16 Şubat 2025,168 cm,89 kg,S,PureLine Official,2
PureLine,Bej Basic Şifon Ceket,1367 TL,2.1,R** Z**,"Tam istediğim gibi, rengi görseldekiyle aynı. Hızlı kargo için sağ olun.",16 Ağustos 2025,,57 kg,S,PureLine Official,5
PureLine,Beyaz Vintage Pamuklu Ceket,888 TL,2.1,G** Y**,"Hayal kırıklığı, dikişleri hatalı. Bir daha almam.",4 Ocak 2025,182 cm,,XL,PureLine Official,2
PureLine,Beyaz Vintage Pamuklu Ceket,888 TL,2.1,P** T**,"Beklediğim gibi gelmedi, kalıbı çok dar. Görselle alakası yok.",22 Eylül 2025,,82 kg,L,PureLine Official,2
PureLine,Beyaz Vintage Pamuklu Ceket,888 TL,2.1,T** G**,"Ürün fena değil, fiyatına göre idare eder ama çok beklentiniz olmasın.",15 Mart 2025,182 cm,81 kg,,PureLine Official,3
PureLine,Beyaz Vintage Pamuklu Ceket,888 TL,2.1,Y** K**,"Beklediğim gibi gelmedi, kalıbı çok dar. Görselle alakası yok.",22 Eylül 2025,172 cm,66 kg,,PureLine Official,2
PureLine,Beyaz Vintage Pamuklu Ceket,888 TL,2.1,R** C**,"Üzülerek söylüyorum, dikişleri hatalı. Tavsiye etmiyorum.",7 Mayıs 2025,181 cm,93 kg,XL,PureLine Official,2
PureLine,Beyaz Vintage Pamuklu Ceket,888 TL,2.1,Z** B**,"Hayal kırıklığı, kumaşı çok kalitesiz. İade edeceğim.",6 Mart 2025,,90 kg,M,PureLine Official,2
PureLine,Beyaz Vintage Pamuklu Ceket,888 TL,2.1,Y** Y**,"Hiç beğenmedim, dikişleri hatalı. Bir daha almam.",29 Kasım 2025,170 cm,71 kg,XL,PureLine Official,1
PureLine,Beyaz Vintage Pamuklu Ceket,888 TL,2.1,C** D**,"Hayal kırıklığı, rengi soluk geldi. İade edeceğim.",5 Şubat 2025,,,,PureLine Official,2
PureLine,Beyaz Vintage Pamuklu Ceket,888 TL,2.1,L** Z**,"Ürün fena değil, fiyatına göre idare eder ama çok beklentiniz olmasın.",9 Haziran 2025,179 cm,94 kg,XL,PureLine Official,3
PureLine,Beyaz Vintage Pamuklu Ceket,888 TL,2.1,M** C**,"Hayal kırıklığı, rengi soluk geldi. Bir daha almam.",6 Aralık 2024,171 cm,85 kg,,PureLine Official,2
PureLine,Beyaz Vintage Pamuklu Ceket,888 TL,2.1,E** Z**,"Ürün fena değil, fiyatına göre idare eder ama çok beklentiniz olmasın.",22 Aralık 2024,169 cm,68 kg,XL,PureLine Official,3
PureLine,Beyaz Vintage Pamuklu Ceket,888 TL,2.1,A** K**,"Ürün fena değil, fiyatına göre idare eder ama çok beklentiniz olmasın.",8 Ocak 2025,,,S,PureLine Official,3
PureLine,Beyaz Vintage Pamuklu Ceket,888 TL,2.1,T** N**,"Hayal kırıklığı, dikişleri hatalı. Bir daha almam.",2 Haziran 2025,,75 kg,L,PureLine Official,2
PureLine,Beyaz Vintage Pamuklu Ceket,888 TL,2.1,A** L**,"Maalesef iade, dikişleri hatalı. Görselle alakası yok.",21 Kasım 2025,162 cm,,S,PureLine Official,1
PureLine,Beyaz Vintage Pamuklu Ceket,888 TL,2.1,V** K**,"Tam istediğim gibi, kalıbı tam oturdu. Stok yapacağım.",28 Temmuz 2025,,,,PureLine Official,4
PureLine,Beyaz Vintage Pamuklu Ceket,888 TL,2.1,Z** T**,"Hayal kırıklığı, dikişleri hatalı. Görselle alakası yok.",21 Nisan 2025,,88 kg,L,PureLine Official,1
PureLine,Beyaz Vintage Pamuklu Ceket,888 TL,2.1,B** Y**,"Maalesef iade, rengi soluk geldi. Bir daha almam.",19 Aralık 2024,,76 kg,,PureLine Official,2
ModaVibe,Mavi Pileli Saten Ceket,1237 TL,4.5,K** T**,"Harika bir ürün, kumaşı yumuşacık. Teşekkürler.",23 Haziran 2025,156 cm,,L,ModaVibe Official,5
ModaVibe,Mavi Pileli Saten Ceket,1237 TL,4.5,V** L**,"Mükemmel, kalıbı tam oturdu. Kesinlikle tavsiye ederim.",8 Kasım 2025,,,M,ModaVibe Official,4
ModaVibe,Mavi Pileli Saten Ceket,1237 TL,4.5,A** N**,"Mükemmel, rengi görseldekiyle aynı. Hızlı kargo için sağ olun.",25 Haziran 2025,177 cm,,L,ModaVibe Official,5
ModaVibe,Mavi Pileli Saten Ceket,1237 TL,4.5,L** Y**,"Bayıldım, kumaşı yumuşacık. Kaçırmayın derim.",8 Ekim 2025,185 cm,78 kg,,ModaVibe Official,5
ModaVibe,Mavi Pileli Saten Ceket,1237 TL,4.5,E** K**,"Mükemmel, duruşu çok asil. Stok yapacağım.",17 Eylül 2025,,89 kg,L,ModaVibe Official,5
ModaVibe,Mavi Pileli Saten Ceket,1237 TL,4.5,D** P**,"Çok beğendim, kumaşı yumuşacık. Hızlı kargo için sağ olun.",12 Ekim 2025,163 cm,85 kg,XS,ModaVibe Official,4
ModaVibe,Mavi Pileli Saten Ceket,1237 TL,4.5,Y** E**,"Bayıldım, fiyatına göre çok kaliteli. Kesinlikle tavsiye ederim.",14 Mayıs 2025,,,L,ModaVibe Official,5
ModaVibe,Mavi Pileli Saten Ceket,1237 TL,4.5,Z** S**,"Çok beğendim, duruşu çok asil. Kesinlikle tavsiye ederim.",18 Şubat 2025,169 cm,,M,ModaVibe Official,5
ModaVibe,Mavi Pileli Saten Ceket,1237 TL,4.5,R** R**,"Çok beğendim, fiyatına göre çok kaliteli. Hızlı kargo için sağ olun.",15 Haziran 2025,179 cm,,XS,ModaVibe Official,5
ModaVibe,Mavi Pileli Saten Ceket,1237 TL,4.5,L** A**,"Mükemmel, rengi görseldekiyle aynı. Kesinlikle tavsiye ederim.",6 Ocak 2025,155 cm,94 kg,XL,ModaVibe Official,5
ModaVibe,Mavi Pileli Saten Ceket,1237 TL,4.5,N** K**,"Çok beğendim, rengi görseldekiyle aynı. Stok yapacağım.",27 Kasım 2025,176 cm,59 kg,,ModaVibe Official,5
ModaVibe,Mavi Pileli Saten Ceket,1237 TL,4.5,Z** K**,"Bayıldım, fiyatına göre çok kaliteli. Stok yapacağım.",30 Ocak 2025,155 cm,50 kg,XL,ModaVibe Official,5
ModaVibe,Mavi Pileli Saten Ceket,1237 TL,4.5,L** T**,"Mükemmel, kalıbı tam oturdu. Kaçırmayın derim.",19 Ocak 2025,,66 kg,L,ModaVibe Official,4
ModaVibe,Mavi Pileli Saten Ceket,1237 TL,4.5,T** D**,"Mükemmel, duruşu çok asil. Kaçırmayın derim.",31 Mart 2025,,,XS,ModaVibe Official,5
ModaVibe,Mavi Pileli Saten Ceket,1237 TL,4.5,N** M**,"Harika bir ürün, kumaşı yumuşacık. Kaçırmayın derim.",11 Ekim 2025,172 cm,86 kg,S,ModaVibe Official,5
ModaVibe,Mavi Pileli Saten Ceket,1237 TL,4.5,S** G**,"Mükemmel, kalıbı tam oturdu. Stok yapacağım.",27 Eylül 2025,171 cm,54 kg,,ModaVibe Official,5
ModaVibe,Mavi Pileli Saten Ceket,1237 TL,4.5,K** S**,"Çok beğendim, fiyatına göre çok kaliteli. Teşekkürler.",29 Ekim 2025,174 cm,68 kg,S,ModaVibe Official,4
ModaVibe,Mavi Pileli Saten Ceket,1237 TL,4.5,P** S**,"Çok beğendim, duruşu çok asil. Kaçırmayın derim.",23 Şubat 2025,,,,ModaVibe Official,5
ModaVibe,Mavi Pileli Saten Ceket,1237 TL,4.5,K** E**,"Harika bir ürün, rengi görseldekiyle aynı. Kesinlikle tavsiye ederim.",25 Eylül 2025,,77 kg,XS,ModaVibe Official,5
ModaVibe,Mavi Pileli Saten Ceket,1237 TL,4.5,V** S**,"Bayıldım, fiyatına göre çok kaliteli. Hızlı kargo için sağ olun.",26 Eylül 2025,,70 kg,L,ModaVibe Official,5
ModaVibe,Mavi Pileli Saten Ceket,1237 TL,4.5,P** A**,"Tam istediğim gibi, kalıbı tam oturdu. Teşekkürler.",23 Ocak 2025,176 cm,56 kg,XS,ModaVibe Official,5
VelvetTouch,Bej Vintage Triko Pantolon,1084 TL,4.5,T** Z**,"Mükemmel, fiyatına göre çok kaliteli. Kaçırmayın derim.",25 Mart 2025,,,L,VelvetTouch Official,5
VelvetTouch,Bej Vintage Triko Pantolon,1084 TL,4.5,G** C**,"Ürün fena değil, fiyatına göre idare eder ama çok beklentiniz olmasın.",30 Kasım 2025,,61 kg,L,VelvetTouch Official,3
VelvetTouch,Bej Vintage Triko Pantolon,1084 TL,4.5,L** A**,"Hayal kırıklığı, kumaşı çok kalitesiz. İade edeceğim.",26 Şubat 2025,,92 kg,,VelvetTouch Official,2
VelvetTouch,Bej Vintage Triko Pantolon,1084 TL,4.5,R** V**,"Bayıldım, kumaşı yumuşacık. Hızlı kargo için sağ olun.",1 Ocak 2025,,78 kg,XS,VelvetTouch Official,5
VelvetTouch,Bej Vintage Triko Pantolon,1084 TL,4.5,G** F**,"Çok beğendim, kalıbı tam oturdu. Kaçırmayın derim.",28 Eylül 2025,,92 kg,XS,VelvetTouch Official,5
VelvetTouch,Bej Vintage Triko Pantolon,1084 TL,4.5,F** B**,"Üzülerek söylüyorum, rengi soluk geldi. Paranıza yazık.",24 Mart 2025,,79 kg,XL,VelvetTouch Official,2
VelvetTouch,Bej Vintage Triko Pantolon,1084 TL,4.5,E** V**,"Mükemmel, kalıbı tam oturdu. Teşekkürler.",10 Ocak 2025,,82 kg,S,VelvetTouch Official,5
VelvetTouch,Bej Vintage Triko Pantolon,1084 TL,4.5,D** T**,"Bayıldım, kumaşı yumuşacık. Hızlı kargo için sağ olun.",25 Mart 2025,172 cm,,,VelvetTouch Official,5
VelvetTouch,Bej Vintage Triko Pantolon,1084 TL,4.5,B** R**,"Bayıldım, fiyatına göre çok kaliteli. Hızlı kargo için sağ olun.",16 Haziran 2025,,72 kg,XS,VelvetTouch Official,5
VelvetTouch,Bej Vintage Triko Pantolon,1084 TL,4.5,F** S**,"Mükemmel, kumaşı yumuşacık. Hızlı kargo için sağ olun.",6 Ocak 2025,,50 kg,M,VelvetTouch Official,4
VelvetTouch,Bej Vintage Triko Pantolon,1084 TL,4.5,Z** C**,"Tam istediğim gibi, kalıbı tam oturdu. Stok yapacağım.",4 Nisan 2025,169 cm,94 kg,M,VelvetTouch Official,5
VelvetTouch,Bej Vintage Triko Pantolon,1084 TL,4.5,S** A**,"Harika bir ürün, duruşu çok asil. Hızlı kargo için sağ olun.",21 Mayıs 2025,168 cm,,,VelvetTouch Official,4
VelvetTouch,Bej Vintage Triko Pantolon,1084 TL,4.5,N** P**,"Hiç beğenmedim, kalıbı çok dar. İade edeceğim.",13 Nisan 2025,182 cm,62 kg,M,VelvetTouch Official,2
VelvetTouch,Bej Vintage Triko Pantolon,1084 TL,4.5,L** T**,"Çok beğendim, fiyatına göre çok kaliteli. Stok yapacağım.",13 Şubat 2025,182 cm,71 kg,S,VelvetTouch Official,5
VelvetTouch,Bej Vintage Triko Pantolon,1084 TL,4.5,Y** R**,"Tam istediğim gibi, fiyatına göre çok kaliteli. Kaçırmayın derim.",1 Ocak 2025,185 cm,,XS,VelvetTouch Official,5
CottonSky,Haki Dökümlü Pamuklu Tişört,595 TL,3.8,Y** G**,"Mükemmel, fiyatına göre çok kaliteli. Stok yapacağım.",10 Haziran 2025,172 cm,49 kg,S,CottonSky Official,5
CottonSky,Haki Dökümlü Pamuklu Tişört,595 TL,3.8,T** V**,"Tam istediğim gibi, kumaşı yumuşacık. Kesinlikle tavsiye ederim.",19 Haziran 2025,173 cm,75 kg,,CottonSky Official,5
CottonSky,Haki Dökümlü Pamuklu Tişört,595 TL,3.8,G** C**,"Bayıldım, kumaşı yumuşacık. Hızlı kargo için sağ olun.",18 Şubat 2025,162 cm,81 kg,S,CottonSky Official,5
CottonSky,Haki Dökümlü Pamuklu Tişört,595 TL,3.8,F** L**,"Ürün fena değil, fiyatına göre idare eder ama çok beklentiniz olmasın.",3 Haziran 2025,,55 kg,L,CottonSky Official,3
CottonSky,Haki Dökümlü Pamuklu Tişört,595 TL,3.8,A** A**,"Hiç beğenmedim, iç gösteriyor. Tavsiye etmiyorum.",20 Haziran 2025,,86 kg,,CottonSky Official,2
CottonSky,Haki Dökümlü Pamuklu Tişört,595 TL,3.8,E** A**,"Üzülerek söylüyorum, kalıbı çok dar. İade edeceğim.",11 Şubat 2025,172 cm,88 kg,L,CottonSky Official,2
CottonSky,Haki Dökümlü Pamuklu Tişört,595 TL,3.8,E** T**,"Harika bir ürün, kalıbı tam oturdu. Kaçırmayın derim.",15 Haziran 2025,,,XS,CottonSky Official,4
CottonSky,Haki Dökümlü Pamuklu Tişört,595 TL,3.8,C** G**,"Bayıldım, kumaşı yumuşacık. Teşekkürler.",30 Ekim 2025,,,S,CottonSky Official,5
CottonSky,Haki Dökümlü Pamuklu Tişört,595 TL,3.8,G** L**,"Tam istediğim gibi, fiyatına göre çok kaliteli. Kesinlikle tavsiye ederim.",3 Temmuz 2025,,79 kg,S,CottonSky Official,5
CottonSky,Haki Dökümlü Pamuklu Tişört,595 TL,3.8,D** Y**,"Bayıldım, duruşu çok asil. Hızlı kargo için sağ olun.",15 Mayıs 2025,174 cm,,XL,CottonSky Official,4
CottonSky,Haki Dökümlü Pamuklu Tişört,595 TL,3.8,G** D**,"Harika bir ürün, fiyatına göre çok kaliteli. Teşekkürler.",9 Ocak 2025,,,L,CottonSky Official,4
CottonSky,Haki Dökümlü Pamuklu Tişört,595 TL,3.8,T** D**,"Tam istediğim gibi, rengi görseldekiyle aynı. Kaçırmayın derim.",27 Kasım 2025,172 cm,81 kg,XL,CottonSky Official,5
CottonSky,Haki Dökümlü Pamuklu Tişört,595 TL,3.8,Z** S**,"Harika bir ürün, duruşu çok asil. Kaçırmayın derim.",11 Nisan 2025,158 cm,,XS,CottonSky Official,5
CottonSky,Haki Dökümlü Pamuklu Tişört,595 TL,3.8,C** G**,"Bayıldım, rengi görseldekiyle aynı. Kaçırmayın derim.",8 Mart 2025,,,XL,CottonSky Official,5
CottonSky,Haki Dökümlü Pamuklu Tişört,595 TL,3.8,Y** K**,"Mükemmel, kalıbı tam oturdu. Kesinlikle tavsiye ederim.",31 Ocak 2025,,,,CottonSky Official,4
CottonSky,Haki Dökümlü Pamuklu Tişört,595 TL,3.8,R** Y**,"Çok beğendim, kumaşı yumuşacık. Kesinlikle tavsiye ederim.",23 Mayıs 2025,173 cm,57 kg,M,CottonSky Official,5
CottonSky,Haki Dökümlü Pamuklu Tişört,595 TL,3.8,R** T**,"Bayıldım, duruşu çok asil. Hızlı kargo için sağ olun.",15 Temmuz 2025,181 cm,,M,CottonSky Official,4
CottonSky,Haki Dökümlü Pamuklu Tişört,595 TL,3.8,L** V**,"Ürün fena değil, fiyatına göre idare eder ama çok beklentiniz olmasın.",24 Aralık 2024,,63 kg,S,CottonSky Official,3
CottonSky,Haki Dökümlü Pamuklu Tişört,595 TL,3.8,Z** T**,"Üzülerek söylüyorum, kalıbı çok dar. Tavsiye etmiyorum.",21 Mart 2025,,64 kg,,CottonSky Official,2
CottonSky,Haki Dökümlü Pamuklu Tişört,595 TL,3.8,E** C**,"Harika bir ürün, duruşu çok asil. Teşekkürler.",1 Aralık 2025,184 cm,69 kg,XL,CottonSky Official,4
CottonSky,Haki Dökümlü Pamuklu Tişört,595 TL,3.8,L** E**,"Ürün fena değil, fiyatına göre idare eder ama çok beklentiniz olmasın.",11 Ekim 2025,183 cm,94 kg,S,CottonSky Official,3
CottonSky,Haki Dökümlü Pamuklu Tişört,595 TL,3.8,M** G**,"Tam istediğim gibi, fiyatına göre çok kaliteli. Hızlı kargo için sağ olun.",4 Temmuz 2025,182 cm,67 kg,XS,CottonSky Official,4
CottonSky,Haki Dökümlü Pamuklu Tişört,595 TL,3.8,M** T**,"Bayıldım, kalıbı tam oturdu. Hızlı kargo için sağ olun.",14 Kasım 2025,168 cm,75 kg,XS,CottonSky Official,4
CottonSky,Haki Dökümlü Pamuklu Tişört,595 TL,3.8,S** M**,"Hayal kırıklığı, iç gösteriyor. Paranıza yazık.",8 Mart 2025,,78 kg,XS,CottonSky Official,1
CottonSky,Haki Dökümlü Pamuklu Tişört,595 TL,3.8,K** M**,"Mükemmel, duruşu çok asil. Hızlı kargo için sağ olun.",9 Kasım 2025,,,L,CottonSky Official,4
CottonSky,Haki Dökümlü Pamuklu Tişört,595 TL,3.8,G** K**,"Tam istediğim gibi, kumaşı yumuşacık. Teşekkürler.",11 Mayıs 2025,176 cm,58 kg,S,CottonSky Official,5
CottonSky,Haki Dökümlü Pamuklu Tişört,595 TL,3.8,M** P**,"Beklediğim gibi gelmedi, dikişleri hatalı. Bir daha almam.",26 Ağustos 2025,,,M,CottonSky Official,1
CottonSky,Haki Dökümlü Pamuklu Tişört,595 TL,3.8,D** K**,"Hayal kırıklığı, rengi soluk geldi. Tavsiye etmiyorum.",20 Nisan 2025,183 cm,66 kg,L,CottonSky Official,2
CottonSky,Haki Dökümlü Pamuklu Tişört,595 TL,3.8,B** S**,"Ürün fena değil, fiyatına göre idare eder ama çok beklentiniz olmasın.",15 Aralık 2024,167 cm,86 kg,S,CottonSky Official,3
